JUDUL,KELURAHAN,HARGA,LB,LT,KT,KM,GRS
Rumah Murah Hook Tebet Timur,Tebet Timur,3800000000,220,220,3,3,0
Rumah Modern di Tebet dekat Stasiun,Tidak Diketahui,4600000000,180,137,4,3,2
Rumah Mewah 2 Lantai Hanya 3 Menit Ke Tebet,Tidak Diketahui,3000000000,267,250,4,4,4
Rumah Baru Tebet,Tidak Diketahui,430000000,40,25,2,2,0
Rumah Bagus Tebet komp Gudang Peluru lt 350m,Tidak Diketahui,9000000000,400,355,6,5,3
Rumah Mewah Modern Murah 3 lantai di Tebet Jakarta Selatan,Tidak Diketahui,4970000000,300,154,5,3,3
Rumah lama di Tebet,Tidak Diketahui,2600000000,120,150,3,2,1
RUMAH BAGUS KEREN JALAN LEBAR DI AREA & KAWASAN TERBAIK TEBET,Tidak Diketahui,10500000000,350,247,4,4,0
Minimalis Baru Jalan 1 Mobil Akses Mudah Dekat ke Jalan Lebar,Tidak Diketahui,3250000000,125,90,3,3,0
Minimalis Baru Jalan 2 Mobil Tebet Timur,Tebet Timur,4500000000,250,96,5,4,1
Brand New house di Tebet Barat,Tebet Barat,3600000000,154,110,3,3,3
Rumah Mewah di TEBET,Tidak Diketahui,9500000000,450,240,4,4,1
Rumah bagus di tebet,Tidak Diketahui,10500000000,218,118,3,3,2
#BAWAHNJOP#MURAH#CASHONLY#LELANG# RUMAH ASEM BARIS RAYAI COCOK UNTUK USAHA DEKAT SAAS,Tidak Diketahui,12500000000,200,979,4,2,6
Rukan Baru Siap Pakai di Tebet Jakarta Selatan,Tidak Diketahui,4600000000,180,137,5,4,2
Rumah bebas banjir di kebon baru tebet,Kebon Baru,3000000000,126,144,4,2,2
Rumah jalan 2 mobil,Tidak Diketahui,6000000000,400,150,5,4,1
Rumah standard hitung tanah di tebet dalam jakarta selatan,Tidak Diketahui,7500000000,150,253,5,2,2
BRAND NEW 3 LANTAI DENGAN FASILITAS KOLAM RENANG DI TEBET - JAKSEL,Tidak Diketahui,9700000000,450,248,5,5,4
Rumah mewah 2 Lantai Murah full furnished bebas banjir di lokasi strategis rasamala tebet jakarta selatan,Tidak Diketahui,14000000000,300,700,8,5,2
Rumah di Tebet timur,Tebet Timur,8000000000,315,218,7,3,2
Rumah di Tebet,Kebon Baru,700000000,75,75,2,3,0
Rumah di Tebet,Kebon Baru,5500000000,350,230,5,5,3
Rumah 1.5 Lt Di Asem Baris Tebet Jakarta Selatan,Tidak Diketahui,11000000000,650,695,9,6,2
Rumah siap huni,Tidak Diketahui,4000000000,250,199,8,2,2
Rumah Baru,Tebet Barat,3900000000,210,130,3,4,2
Rumah Minimalis Plus Mini Swimming Pool,Tidak Diketahui,6500000000,300,200,5,5,4
Rumah Bagus Siap Huni,Tidak Diketahui,5800000000,175,200,6,4,2
Rumah Brand New Minimalis Elegan 2 Lantai Lokasi Strategis 5 Menit Ke Stasiun di Tebet,Tidak Diketahui,3200000000,140,110,3,3,2
Rumah Daerah Tebet,Tidak Diketahui,8800000000,400,230,5,5,2
Rumah pinggir jalan daerah tebet masuk mobil,Tidak Diketahui,1100000000,102,102,2,1,0
Rumah mewah hook siap huni dan terawat di gudang peluru tebet,Tidak Diketahui,10900000000,646,428,5,5,2
Rumah tebet,Tidak Diketahui,3600000000,145,200,8,8,1
Rumah baru Minimalis,Tidak Diketahui,4000000000,220,120,4,4,3
Rumah mewah murah dalam komplek di tebet,Tidak Diketahui,6000000000,325,222,6,5,0
Rumah Minimalis 3 Lantai lokasi strategis bebas banjir ada mini kolam renang di tebet jakarta selatan,Tidak Diketahui,6500000000,300,200,5,5,1
Rumah Siap Huni Hadap Timur di Tebet,Tidak Diketahui,4500000000,250,154,6,3,1
Rumah Minimalis di Tebet Jakarta Selatan,Tidak Diketahui,4500000000,247,105,5,5,1
rumah 2 lantai,Tebet Timur,4000000000,200,140,4,4,2
FATHUR TEBET RUMAH BAGUS lt 90m2 LOKASI BAGUS. HUB FATHUR:0818398080,Tidak Diketahui,2600000000,150,90,3,2,2
Rumah tua layak huni,Tebet Barat,5500000000,210,239,8,5,1
Di Juaal Cepat Rumah Mewah Di Menteng Dalam Fully Furnished dan Bangun Kualitas Terbaik hrg 15 M,Menteng Dalam,15000000000,339,643,7,5,5
Rumah 2 Lt bagus dan TERMURAH Akses Jalan 2 Mobil di Tebet Utara,Tidak Diketahui,3500000000,190,100,5,4,2
Rumah tebet jakarta selatan,Tidak Diketahui,6000000000,450,240,9,9,0
RUMAH MURAH DI JAKARTA SELATAN,Tidak Diketahui,8000000000,300,232,6,5,0
Rumah Layak Huni,Tidak Diketahui,9500000000,352,305,4,3,0
Rumah Modern Minimalis 3 Lantai Full Furnished di Tebet Jakarta Selatan,Tidak Diketahui,4300000000,135,146,6,6,1
TEBET RUMAH MURAH 135m HUB FATHUR: 0818398080-PR 22726,Tidak Diketahui,3800000000,200,135,3,4,0
Rumah Tebet Dalam Jakarta Selatan,Tidak Diketahui,4000000000,190,175,4,2,1
rumah lama layak huni strategis dekat jalan tebet raya,Tidak Diketahui,2500000000,120,90,4,1,1
Rumah Huk,Tidak Diketahui,4750000000,180,196,5,5,1
Rumah Cantik 3 Lt @Brand New Akses Jalan 2 Mobil TERMURAH di Tebet Timur,Tebet Timur,4400000000,250,96,6,5,2
Rumah cantik,Tidak Diketahui,4500000000,220,140,5,4,2
hunian asri diselatan jakarta,Tidak Diketahui,5000000000,250,180,5,3,2
Rumah Mewah Cantik Asri Siap Huni Di Gudang Peluru Tebet Jakarta Selatan,Tidak Diketahui,13000000000,200,393,5,3,1
Rumah ditebet barat1,Tidak Diketahui,4150000000,216,135,5,4,1
Rumah Tebet Barat Dalam XB,Tebet Barat,3800000000,260,130,6,3,2
Rumah Bagus dan Minimalis Tebet,Tidak Diketahui,8100000000,245,240,3,3,2
Rumah terawat siap huni bagus jalanan dua mobil di Tebet,Tidak Diketahui,5250000000,147,108,4,3,2
Rumah Asri Dan Sangat Strateaigis Di Tebet,Tidak Diketahui,4500000000,120,145,6,4,2
Rumah Lokasi Strategis Dekat Jalan Raya di Tebet,Tidak Diketahui,6200000000,170,200,8,5,2
rumah tebet,Tidak Diketahui,6500000000,250,200,6,3,2
Rumah Baru Murah di Tebet Timur Jakarta Selatan,Tebet Timur,3500000000,170,112,4,5,2
Rumah Terawat Akses One Get One,Tidak Diketahui,3199000000,150,149,3,2,0
Rumah Tebet Jalan 2 Mobil Lokasi Strategis,Tidak Diketahui,3200000000,150,130,3,2,1
RUMAH BARU MURAH SIAP HUNI DI TEBET TIMUR JAKRTA - YUNIA,Tebet Timur,3799000000,200,130,3,3,1
Rumah Bagus,Tidak Diketahui,6000000000,250,198,7,4,2
Rumah Second Hook Lokasi Premium Di Tebet - YUNIA 081282940124,Tidak Diketahui,9790000000,403,393,5,3,2
rumah tinggal tempati.,Tidak Diketahui,5500000000,170,270,6,3,1
Rumah Tebet Murah Lokasi Strategis Ramai Jakarta Selatan,Tidak Diketahui,3350000000,120,135,4,3,1
rumah dua lantai kebon baru TEBET JAKARTA SELATAN,Kebon Baru,750000000,78,80,3,2,0
RUMAH TEBET 165m2 SIAP HUNI HUB : 081280069222 FIFI PR-15815,Tidak Diketahui,3500000000,250,165,6,4,2
Rumah Baru Minimalis daerah Tebet Timur,Tebet Timur,4700000000,180,137,4,3,2
Rumah baru 2 lantai siap huni di tebet dengan harga terjangkau,Tidak Diketahui,3500000000,170,112,3,4,1
RUMAH KOKOH AMAN DAN STRATEGIS DI TEBET,Tidak Diketahui,2850000000,160,90,4,2,1
Rumah baru di Tebet Posisi hoek,Tidak Diketahui,3500000000,160,110,3,3,2
rumah cantik di Tebet,Tidak Diketahui,3100000000,120,137,5,2,0
Rumah Tebet Mas Indah,Tidak Diketahui,13000000000,196,245,7,3,1
Rumah 2 lantai ber carport 2 SHM di tebet jakarta selatan,Tidak Diketahui,4300000000,170,112,4,5,2
Tebet Rumah Siap Huni Aman Dalam Komplek,Tidak Diketahui,5500000000,180,140,3,4,0
Rumah Mewah 2 Lantai Siap Huni Desain Apik Di Tebet Barat Jakarta Selatan,Tebet Barat,6750000000,350,210,4,4,1
Rumah Lokasi Strategis Di Tebet,Tidak Diketahui,3200000000,200,104,4,3,1
Dijual Rumah Siap Huni di Komp Gudang Peluru,Tidak Diketahui,8250000000,460,282,6,5,2
Rumah Tebet Dekat Stasiun Tebet,Tidak Diketahui,3250000000,150,130,5,2,1
Rumah Tebet,Tidak Diketahui,3499000000,110,150,3,2,0
Rumah Minimalis di Tebet Jakarta Selatan,Tidak Diketahui,5000000000,330,335,8,4,1
Rumah Mewah di Tebet Barat Jakarta Selatan,Tebet Barat,9500000000,445,247,6,5,2
Rumah second semi cluster di Tebet Timur Dalam Jaksel,Tebet Timur,3400000000,140,104,4,3,1
Rumah Bagus,Tidak Diketahui,5000000000,325,160,9,6,2
Rumah Di Kebon Baru,Kebon Baru,5600000000,250,225,5,3,2
BEST PRICE Rumah di Tebet,Tidak Diketahui,4500000000,180,135,4,3,1
Rumah strategis di Kebon baru,Kebon Baru,10800000000,500,400,6,5,3
Rumah Termurah di Tebet Utara Jakarta Selatan,Tidak Diketahui,2600000000,210,91,5,4,1
Rumah Murah dibawah harga dekat Mal Kota Casablanca Jakarta Selatan,Tidak Diketahui,3600000000,180,127,4,4,1
brand new rumah minimalis di tebet dekat sekolah dan TOl,Tidak Diketahui,3450000000,170,112,3,4,2
Rumah 1,Tebet Timur,7400000000,200,257,4,3,1
Rumah Bagus di Menteng Dalam,Menteng Dalam,10000000000,400,282,8,4,3
Rumah mewah bebas banjir murah di tebet,Tidak Diketahui,15000000000,800,1225,6,9,2
Rumah minimalis di Tebet,Tidak Diketahui,3500000000,170,108,5,3,3
rumah siap huni 2lantai akses jalan 2mobil di asembaris tebet,Tidak Diketahui,1700000000,100,80,3,2,0
Rumah Strategis Dan Minimalis Di Tebet,Tidak Diketahui,3500000000,250,141,5,3,2
rumah siap huni akses jalan 2motor lokasi asembaris,Tidak Diketahui,1300000000,100,90,3,2,0
Rumah Tebet Barat 2Lantai siap huni strategis area!,Tebet Barat,2800000000,160,90,5,3,1
Rumah Cozy Interior Cantik Dekat Ke Jalan Raya di Kebon Baru Tebet,Kebon Baru,5000000000,325,160,5,5,0
Butuh Cepat,Tidak Diketahui,3200000000,150,80,5,3,1
Rumah Siap Huni di Jl Tebet Raya,Tidak Diketahui,11000000000,275,305,5,3,1
Rumah bagus Full Furnish,Tidak Diketahui,5000000000,320,150,5,5,1
Rumah Bagus di Tebet Barat,Tebet Barat,2200000000,70,98,2,1,0
Rumah Tua Di Tebet,Tidak Diketahui,5600000000,156,192,5,2,2
Dijual Sangat Murah Rumah Di Tebet Timur Lokasi Premium Dan Strategis - Jakarta Selatan,Tebet Timur,3800000000,211,180,5,4,3
Rumah Lama Tebet Timur,Tebet Timur,4000000000,200,146,3,1,1
Edisi Turun Harga Masa Covid19 BU Rumah Mewah di Menteng Dalam,Menteng Dalam,15000000000,800,692,5,4,4
Rumah Dijual Tebet,Tidak Diketahui,3850000000,200,130,4,4,2
Rumah Siap Huni Jln 2 Mbl Nyaman,Tidak Diketahui,4200000000,160,140,4,3,2
TEBET BARAT - Rumah Besar Akses 2 Mobil. SHM,Tebet Barat,5990000000,350,210,5,4,3
Rumah siap huni di tebet timur jakarta selatan,Tebet Timur,4000000000,180,152,4,3,2
Rumah Baru Di Tebet,Tidak Diketahui,9500000000,340,240,4,3,2
Rumah siap huni baru di tebet jakarta selatan,Tidak Diketahui,4000000000,190,140,4,4,2
Di Kebun Baru Rumah Terawat,Tidak Diketahui,4000000000,139,230,4,4,1
Di jual Rumah Cantik Bangunan 2 Lantai di Tebet,Tidak Diketahui,7000000000,400,282,8,4,3
Rumah Tua di Tebet,Tidak Diketahui,4525000000,100,161,4,2,1
Rumah Lama Jalan Lebar,Tidak Diketahui,15000000000,400,578,6,3,2
Tebet Rumah Harga Menarik Jalan Dua Mobil Dekat Kasan Kuliner Tebet,Tidak Diketahui,3600000000,170,146,3,3,1
Dijual Rumah Cantik Murah Siap Huni Di Tebet Timur,Tebet Timur,3950000000,200,148,4,3,1
Dijual Rumah Brand New di Jl Tebet Timur Dalam,Tebet Timur,3900000000,200,130,3,2,2
TEBET - Siap Huni di Jalan 1 Mobil,Tidak Diketahui,3850000000,236,137,4,3,2
Dijual Rumah Lokasi Sangat Strategis,Tidak Diketahui,9200000000,450,695,8,6,2
TEBET Akses 3 Mobil,Tidak Diketahui,5950000000,220,200,3,3,2
Dijual Cepat rumah di Bukit Duri Tebet SHM,Bukit Duri,7500000000,500,280,4,4,1
Dijual Rumah Tebet Timur Lokasi Premium Nyaman Dekat Taman Honda Jalan 1 Mobil,Tebet Timur,3100000000,200,103,3,3,1
Dijual Rumah Second Siap Huni Strategis di Tebet Jaksel,Tidak Diketahui,7000000000,400,182,4,3,2
Dijual Rumah di Tebet,Tidak Diketahui,11000000000,280,344,3,3,2
Rumah baru siap huni di tebet jakarta selatan,Tidak Diketahui,4350000000,180,132,4,3,2
Rumah Cantik Menawan Siap Huni Di Tebet Timur Jakarta Selatan,Tebet Timur,4300000000,250,155,5,3,2
TEBET Rumah Mewah Siap Huni Lingkungan Aman dan Nyaman,Tidak Diketahui,8800000000,400,230,6,6,2
3 Bedrooms House Tebet,Tidak Diketahui,13000000000,216,384,3,3,2
Di Jual Rumah Brand New Di Tebet,Tidak Diketahui,4700000000,250,150,4,3,2
TEBET Rumah Baru Siap Huni Jalan Dua Mobil Lebar Dekat Jalan Raya,Tidak Diketahui,7200000000,250,161,3,3,2
Dijual Cepat Rumah Minimalis Modern siap huni Di Kebon Baru,Kebon Baru,3500000000,192,120,5,4,2
TEBET Rumah Mewah dan Terawat Lokasi Premium Akses Mudah Jalan Tiga Mobil,Tidak Diketahui,7900000000,380,225,5,3,2
TEBET MENTENG DALAM - Rumah Cantik,Menteng Dalam,2800000000,150,103,3,3,2
TEBET DALAM - Rumah Brand New Minimalis SHM,Tidak Diketahui,2600000000,130,75,3,3,1
Rumah Siap Huni di Tebet Timur 1,Tebet Timur,5900000000,250,202,5,4,2
Dijual Rumah Sipa Huni Dengan Harga Murah di Kebon Baru Tebet Jakarta,Kebon Baru,850000000,78,69,4,2,0
jl. Tebet timur dalam,Tebet Timur,3600000000,250,180,4,2,0
Rumah Tebet Timur Hitung Tanah 338m2,Tebet Timur,6850000000,219,338,5,3,3
Rumah Baru,Kebon Baru,4500000000,325,226,6,4,1
Rumah Layak Huni Di Tebet Jual Cpt Jalan 1 Mobil 30m Dari Jln Besar,Tidak Diketahui,2600000000,120,150,3,2,1
Rumah Mewah Di Komplek Kebon Baru,Kebon Baru,5750000000,350,240,7,5,0
Rumah Baru Renovasi Siap Huni Teebet (Best Price),Tidak Diketahui,2999000000,140,140,5,3,1
Rumah Cantik Brand New 3 lantai siap huni,Tidak Diketahui,5000000000,180,127,5,4,2
Rumah hoek di Tebet Barat,Tebet Barat,4000000000,200,135,7,4,2
Rumah brand new siap huni di Tebet Timur,Tebet Timur,3500000000,150,112,4,4,1
The Classic Luxury House With Pool @Brand New near Cassablanca Area,Tidak Diketahui,6100000000,375,130,5,4,3
Rumah Siap Huni di Jl. Tebet Utara,Tidak Diketahui,6500000000,250,181,8,4,2
Rumah Minimalis Tebet Dekat Jalan 2 Mobil,Tidak Diketahui,3750000000,150,112,3,5,2
Rumah Minimalis Tebet 2 Lantai Dekat Pusat Bisnis Tebet,Tidak Diketahui,6300000000,200,133,4,3,2
Rumah Siap Huni Dalam Komplek Nyaman Tebet-Jakarta Selatan,Tidak Diketahui,15000000000,480,387,4,4,3
Rumah Minimalis Tebet 90 Meter,Tidak Diketahui,2650000000,125,90,3,4,2
Rumah Mediterania Jalan Lebar Lokasi Strategis Tebet Jakarta Selatan,Tidak Diketahui,14500000000,500,307,3,4,2
Rumah Cantik Siap Huni Jalan Lebar Di Kawasan Premium Tebet,Tidak Diketahui,8750000000,350,202,4,5,3
Rumah Siap Huni Jalan 2 Mobil,Tidak Diketahui,5800000000,200,138,5,4,2
Rumah Siap Huni Di Tebet Timur,Tebet Timur,15000000000,250,310,4,5,2
Rumah Hitung Tanah Di Jalan Lebar,Tidak Diketahui,15000000000,400,580,5,4,3
Rumah Di Jalan 1 Mobil Kawasan Nyaman Tebet Timur,Tebet Timur,2300000000,100,90,2,2,1
Tebet Barat Rumah Bagus Siap Huni,Tebet Barat,3950000000,200,166,4,4,3
Tebet Rumah Lama Murah,Tidak Diketahui,2750000000,120,135,3,2,1
Tebet Barat Rumah Murah Strategis Area,Tebet Barat,3250000000,251,146,8,8,2
Rumah Cantik Siap Huni,Tidak Diketahui,2590000000,170,76,3,3,2
Regensi Tebet Mas,Tidak Diketahui,4500000000,140,140,5,4,2
Rumah bagus SIAP HUNI Akses Jalan 2 Mobil One Way di Tebet Timur,Tebet Timur,4500000000,200,148,5,4,2
5 Bedrooms House Tebet,Tidak Diketahui,7150000000,250,162,5,3,2
Rumah Siap Huni Dijual Tebet Timur Tebet Jakarta Selatan,Tebet Timur,10500000000,200,189,5,2,0
Rumah Bagus 2 Lt Akses Jalan Lebar di Tebet Utara,Tidak Diketahui,6500000000,245,125,4,3,3
Rumah mewah siap huni di tebet barat jakarta selatan,Tebet Barat,6750000000,350,210,4,4,1
Rumah Siap Huni Tebet Barat Tebet Jakarta Selatan,Tebet Barat,9500000000,280,304,5,5,0
Rumah Siap Huni di Tebet Timur 1,Tebet Timur,6500000000,200,222,6,2,2
Rumah di Tebet Utara Jalan 2 Mobil,Tidak Diketahui,3600000000,170,146,4,3,1
Dijual Rumah Mewah 2 Lantai di Tebet Barat,Tebet Barat,8800000000,400,230,6,6,2
TEBET TIMUR LT 135 M2 - Rumah Termurah,Tebet Timur,1900000000,135,135,3,3,2
Rumah Termurah di Tebet Barat Jakarta Selatan,Tebet Barat,2550000000,150,90,4,4,2
Rumah Baru di Tebet Barat Jakarta Selatan,Tebet Barat,3300000000,120,90,5,4,2
TEBET Rumah Siap Huni Desain Rumah Rumah Bagus dan Nyaman,Tidak Diketahui,3100000000,200,90,3,3,1
TEBET BARAT Rumah Siap Huni Lokasi Premium Jalan Tiga Mobil,Tebet Barat,5950000000,220,200,5,4,1
TEBET Rumah Siap Huni Lokasi Sangat Bagus Aman dan Nyaman JARANG ADA,Tidak Diketahui,6100000000,250,204,5,3,2
TEBET Rumah Baru Siap Huni Lokasi Premium Nyaman Untuk Tempat Tinggal,Tidak Diketahui,3200000000,150,87,4,3,2
TEBET Rumah Siap Huni Kondisi Relatif Baru,Tidak Diketahui,2500000000,140,78,4,3,1
Brand New Townhouse Mewah Di Dekat Patra Kuningan,Tidak Diketahui,12500000000,600,208,4,5,4
Rumah Besar,Tidak Diketahui,8000000000,152,230,3,3,1
Rumah Murah Siap Huni di Jl. Palbatu III Tebet,Tidak Diketahui,690000000,90,50,3,1,0
Rumah 2 Tingkat Menteng Dalam Tebet Jakarta Selatan,Menteng Dalam,15000000000,500,501,6,3,0
Rumah Lama Hitung Tanah Supomo Tebet Jakarta Selatan,Tidak Diketahui,9000000000,200,230,6,3,2
Di Jual Di Bawah Harga Pasaran Rumah Siap Huni Di Tebet Timur Jaksel,Tebet Timur,4000000000,180,155,4,3,2
Dijual rumah di tebet jakarta selatan strategis dekat jl. mt. haryono,Tidak Diketahui,3750000000,200,135,5,3,3
Rumah murah asem baris,Tidak Diketahui,2100000000,160,120,6,3,1
Rumah tebet,Tidak Diketahui,8700000000,160,261,4,4,2
Rumah dijual,Tebet Timur,2900000000,175,135,4,2,0
Di Jual Rumah Cantik di TEBET,Tidak Diketahui,3500000000,235,140,5,4,1
Rumah pinggir jalan,Tidak Diketahui,5500000000,170,270,6,3,1
Dijual rumah baru minimalis di Di Tebet Jakarta Selatan,Tidak Diketahui,3500000000,120,86,5,4,1
Rumah Onprogress 2,Tidak Diketahui,2500000000,200,100,3,3,2
Tebet Rumah Jalan 2 Mobil Harga Menarik,Tidak Diketahui,3600000000,170,146,4,3,2
Dijual Cepat Rumah Di Kebon Baru,Kebon Baru,2400000000,147,154,3,2,1
Rumah Asri Dijual Cepat Di Tebet,Tidak Diketahui,4900000000,179,158,4,4,2
Rumah Asri Di Tebet Dijual Cepat,Tidak Diketahui,3250000000,250,145,8,8,2
Rumah Asri Di Tebet,Tidak Diketahui,10000000000,600,306,6,5,3
Rumah Dijual Di Tebet,Tidak Diketahui,12500000000,250,189,6,4,2
Rumah Dijual Di Tebet,Tidak Diketahui,5500000000,200,150,5,3,1
Rumah Asri Di Tebet,Tidak Diketahui,6000000000,150,159,5,4,2
Rumah Asri Di Tebet,Tidak Diketahui,16000000000,300,405,6,4,0
Rumah Di Tebet,Tidak Diketahui,5000000000,200,130,5,4,1
Rumah Asri Di Tebet Dijual,Tidak Diketahui,6000000000,340,173,5,4,2
Rumah Dijual Di Tebet,Tidak Diketahui,5600000000,156,192,6,2,2
Rumah Asri Di Tebet - Dijual Cepat,Tidak Diketahui,3750000000,300,180,5,3,2
Rumah Asri Di Kebon Baru,Kebon Baru,5600000000,250,225,5,3,2
Rumah Asri Di Tebet - Dijual Cepat,Tidak Diketahui,3200000000,150,80,5,3,1
Dijual Rumah Minimalis Siap Huni Daerah Tebet,Tidak Diketahui,2500000000,140,77,3,3,1
Dijual Rumah Lama Layak Huni Daerah Tebet,Tidak Diketahui,9900000000,200,340,4,4,1
Rumah baru tebet timur,Tebet Timur,3800000000,200,130,3,3,2
Dijual Rumah Komplek Tebet Barat Lokasi Premium Nyaman Jalan Lebar,Tebet Barat,9500000000,300,368,4,3,3
Dijual Rumah Komplek Gudang Peluru Lokasi Premium Nyaman Jalan 3 Mobil,Tidak Diketahui,10000000000,350,273,4,3,4
Dijual Rumah Cantik Tebet Lokasi Premium Nyaman Jalan 2 Mobil,Tidak Diketahui,12500000000,465,350,6,6,2
Rumah Tua Hook di Tebet,Tidak Diketahui,2700000000,135,150,4,2,3
Tebet barat rumah modern minimalis private pool,Tebet Barat,9800000000,400,248,5,5,3
TEBET BARAT RAYA Rumah Hitung Tanah Cocok Tinggal,Tebet Barat,11500000000,400,300,9,6,6
Rumah Siap Huni di Tebet Dalam IV,Tidak Diketahui,2600000000,120,142,4,2,1
Dijual Cepat Rumah Kavling di Tebet Ready 3 Unit,Tidak Diketahui,3100000000,120,86,5,4,2
Rumah Tebet Saharjo,Tidak Diketahui,4650000000,320,135,6,5,1
Rumah Cantik Tebet,Tidak Diketahui,8750000000,250,200,4,4,2
Dijual Rumah Cantik Tebet Brand New Lokasi Premium Nyaman Jalan Lebar,Tidak Diketahui,7200000000,250,161,3,3,2
Dijual Rumah Lama Tebet Dalam Lokasi Strategis Tenang Jalan 2 Mobil,Tidak Diketahui,8000000000,250,300,3,3,2
3 Bedrooms House Tebet,Tidak Diketahui,750000000,80,78,3,1,0
KEBON BARU Rumah Hitung Tanah Jalan Dua Mobil Lingkungan Nyaman,Kebon Baru,5000000000,250,335,7,5,1
TEBET - SIAP HUNI di Jalan 2 Mobil,Tidak Diketahui,8500000000,260,256,5,5,2
Rumah Tebet Siap Huni Kompleks Gudang Peluru Tebet,Tidak Diketahui,9500000000,400,345,5,3,1
Dijual Rumah Second Akses 1 Mobil di Tebet Dalam Jakarta Selatan,Tidak Diketahui,3800000000,200,140,4,3,1
Rumah Minimalis Jalan 1 Mobil Tebet,Tidak Diketahui,2650000000,125,90,3,3,2
Dijual Rumah Cantik Tebet Lokasi Strategis Nyaman Jalan 2 Mobil,Tidak Diketahui,12000000000,230,244,5,4,3
Rumah Hitung Tanah di Komplek Kejaksaan Tebet Barat,Tebet Barat,3300000000,170,154,5,3,2
Rumah di Tebet Timur Dalam I,Tebet Timur,3900000000,260,146,3,1,1
Rumah Tua Akses Jalan 2 Mobil Di Tebet Barat Jakarta Selatan,Tebet Barat,7800000000,200,253,4,3,3
Rumah Brand New Di Tebet Barat,Tebet Barat,4700000000,200,150,4,4,2
For Sale Boarding House at Tebet & Furnished HSE-A0494,Tidak Diketahui,7500000000,444,200,10,10,2
Rumah Lama Di Tebet Barat,Tebet Barat,16000000000,400,400,5,4,4
Jual Segera,Tidak Diketahui,2600000000,120,142,3,2,1
rumah siap huni dalam kompleks Tebet Mas,Tidak Diketahui,13000000000,250,322,4,3,2
Rumah 100% Baru Di Tebet,Tidak Diketahui,4500000000,250,96,4,5,2
rumah siap huni di lokasi kebon baru,Kebon Baru,3850000000,200,186,3,2,2
Rumah siap huni dijual,Tidak Diketahui,1900000000,125,133,3,3,1
Di Jual Cepat Rumah Di Tebet,Tidak Diketahui,15000000000,500,384,4,3,3
Rumah tua hitung tanah di Tebet Timur,Tebet Timur,8000000000,168,221,5,3,2
Rumah Bagus Dalam Kompleks Prime Tebet,Tidak Diketahui,15000000000,480,378,5,4,1
Minimalis Jalan 1 Mobil Tebet Dekat Sekolah 115,Tidak Diketahui,2700000000,125,90,3,3,2
Dijual Rumah Di Tebet Jakarta Selatan 5 Kmr 300m2 Luas Harga Best,Tidak Diketahui,6500000000,300,248,5,4,0
Minimalis Baru Jalan 2 Mobil Tebet Timur,Tebet Timur,4500000000,250,96,5,4,1
Rumah Siap Huni Tebet,Tidak Diketahui,6500000000,200,222,4,2,1
Rumah Baru,Tebet Barat,4000000000,150,120,4,3,1
Rumah bagus layout nyaman banyak bonus,Tidak Diketahui,4000000000,250,135,4,5,1
Rumah cantik dgn layout nyaman,Tidak Diketahui,2700000000,210,91,5,3,0
Dijual Rumah Siap Huni di Tebet,Tidak Diketahui,9000000000,470,353,9,6,3
Tebet Timur Rumah Lama,Tebet Timur,7500000000,200,288,4,2,1
Rumah Model Villa Taman Lebar Di Tebet Jaksel,Tidak Diketahui,5500000000,200,454,3,4,1
Rumah Tebet Barat,Tebet Barat,8250000000,400,230,6,4,2
Rumah Rasamala Turun Harga Rmh Siap Huni Blkg Bidakara Jaksel,Tidak Diketahui,8500000000,300,205,4,4,4
Dijual Rumah 2 Lt Tebet Jaksel,Tidak Diketahui,10750000000,200,189,5,4,3
Dijual rumah di Kebun Baru,Tidak Diketahui,2458000000,165,135,4,3,1
TEBET,Bukit Duri,3500000000,125,153,3,2,1
Dijual Rumah Komplek Gudang Peluru Lokasi Premium Nyaman Jalan 2 Mobil,Tidak Diketahui,5500000000,280,216,4,3,3
Dijual Rumah 2lantai Di Tebet Barat Dalam Strategis Dekat Perkantoran,Tebet Barat,10000000000,300,368,4,4,4
Rumah Siap Huni Tebet Timur,Tebet Timur,2999000000,102,102,3,3,2
Turun Harga Rumah Mewah Tebet Jakarta Selatan,Tidak Diketahui,5899000000,350,130,6,6,3
Cluster Cipinang Mal Bassura,Tidak Diketahui,3245000000,120,152,4,4,4
Rumah Siap Huni Tebet,Tidak Diketahui,5750000128,320,183,6,3,3
Tebet Rumah Bagus Dijual,Tidak Diketahui,6500000000,300,213,5,4,4
Dijual rumah di tebet,Tidak Diketahui,6500000000,220,181,8,6,1
4 Bedrooms House Tebet,Tidak Diketahui,4800000000,250,170,4,4,3
Rumah Model Minimalis jalan Lebar,Tidak Diketahui,16000000000,500,420,4,4,4
Tebet Dalam Rumah Siap Huni Dalam Komplek,Tidak Diketahui,13000000000,380,312,4,3,2
Rumah Siap Huni Dijual Jalan 2 Mobil,Tidak Diketahui,7000000000,180,283,4,3,2
4 Bedrooms House Tebet,Tidak Diketahui,2800000000,250,90,4,3,2
3 Bedrooms House Tebet,Tidak Diketahui,1850000000,80,90,3,2,0
Dijual Rumah Tebet Lokasi Strategis Nyaman Depan Taman Jalan 1 Mobil,Tidak Diketahui,4300000000,117,205,4,3,3
Dijual Rumah Tebet Timur Lokasi Premium Nyaman Jalan 2 Mobil,Tebet Timur,4300000000,200,145,3,3,2
Dijual Rumah Hitung Tanah Asem Baris Raya Lokasi Strategis Aman Jalan Raya,Tidak Diketahui,5500000000,300,266,6,4,4
Jual Rumah Di Tebet Jakarta Selatan,Tidak Diketahui,9000000000,470,353,9,6,3
Rumah Bagus Akses Jalan 2 Mobil TERMURAH di Tebet Utara,Tidak Diketahui,3500000000,190,100,5,4,2
Rumah Megah SIAP HUNI TERMURAH di Tebet Timur,Tebet Timur,12999000000,400,429,9,5,5
Rumah Siap Huni Di Asem Baris Kebon Baru Tebet Jakarta Selatan,Kebon Baru,2300000000,160,135,4,3,1
Tebet rumah dijual jalan 2 mobil lebar lokasi strategis,Tidak Diketahui,7100000000,200,256,5,3,3
Rumah Cantik,Tidak Diketahui,7000000000,350,180,3,3,0
Rumah Bagus Murah Sekali Cocok Utk Tempat Tinggal Dan Kost2an Tebet,Tidak Diketahui,1500000000,200,170,7,2,0
Kb. Baru,Tidak Diketahui,1500000000,100,80,4,2,0
Rumah Sederhana Siap Huni Lokasi Strategis Tebet Barat Jaksel,Tebet Barat,3500000000,150,135,4,2,0
Rumah Siap Huni 2lantai Akses 2mbl Lokasi Tebet Barat,Tebet Barat,4000000000,150,100,3,3,1
Rumah Siap Huni Akses jalan 2 mobil di asem baris tebet,Tidak Diketahui,4000000000,144,126,4,2,3
Dijual rumah tua perlu renovasi akses jalan 2mobil lokasi dekat lapangsn bola pspt,Tidak Diketahui,3750000000,150,135,3,2,1
Rumah Bagus Siap Huni Di Tebet Timur Dalam Jak Sel,Tebet Timur,4000000000,150,140,4,2,2
Rumah Mewah 3 Lantai Jalan Swadaya I Tebet ( FA),Tidak Diketahui,6000000000,450,260,7,4,1
Rumah Baru 2 Lt Dekat Taman dan Pasar Tebet Barat PALING MURAH di Tebet Barat,Tebet Barat,2550000000,150,90,4,4,2
Rumah Clasic Asem Baris Tebet Jakarta Selatan Hitung Tanah Saja Setrategis Dekat Mt Haryono,Tidak Diketahui,9200000000,650,695,9,6,1
Rumah lama hitung Tanah di Tebet,Tidak Diketahui,7500000000,180,253,3,2,1
Rumah Tebet Hitung Tanah,Tidak Diketahui,14250000000,350,393,5,4,1
Brand New House Di Lokasi Iconic Tebet,Tidak Diketahui,4000000000,216,135,5,4,2
Tebet Rumah Minimalis,Tidak Diketahui,5850000000,220,138,4,3,2
Rumah Minimalis Bagus Tebet Timur,Tebet Timur,2700000000,160,90,3,3,1
Dijual Rumah Tebet Hitung Tanah Lokasi Strategis Jalan 1 Mobil,Tidak Diketahui,3250000000,200,157,7,3,1
Rumah tebet jalan lebar nyaman keamanan 24 jam dekat kemana mana,Tidak Diketahui,9800000000,350,247,4,3,2
Dijual Rumah Asri Komplek Tebet Mas Lokasi Premium Nyaman Jalan 2 Mobil,Tidak Diketahui,12000000000,350,237,4,3,2
Rumah Mewah Di Tebet Turun Harga Menjadi Rp 14,Tidak Diketahui,14500000000,500,307,10,7,2
Rumah Di Jual Di Tebet,Tidak Diketahui,8200000000,300,260,4,4,3
Rumah Di Jual,Tebet Barat,2700000000,120,92,3,3,2
Dijual Rumah minimalis di Bukit Duri,Bukit Duri,2500000000,121,100,3,2,2
Rumah Hoek Tebet Jakarta Mewah,Tidak Diketahui,9900000000,350,250,5,3,2
Rumah Tebet Jakarta Selatan,Tidak Diketahui,4200000000,285,160,5,6,1
Rumah Di Tengah Pusat Bisnis Dekat Jalan Gatot Subroto Jaksel,Tidak Diketahui,10000000000,353,535,10,10,7
Rumah Dalam Komplek Di Gudang Peluru - Tebet Blok N348,Tidak Diketahui,5000000000,220,217,3,3,1
Tebet,Tidak Diketahui,4300000000,250,90,4,4,2
Rumah 2 Lantai Lokasi Strategis Akses 2 Mbl Asem Baris Tebet,Tidak Diketahui,3000000000,250,125,3,2,1
Rumah Lama Layak Huni Akses 2 Mbl Lapangan Ros Tebet Jaksel,Tidak Diketahui,3000000000,130,170,4,3,1
Rumah Baru Design Modern Posisi Hook Lokasi Tebet Timur,Tebet Timur,3400000000,170,110,4,4,2
rumah baru 2lantai siap huni akses jalan 1mobil lokasi tebet timur,Tebet Timur,3200000000,150,90,3,2,1
Rumah Siap Huni Akses 1mobil Lokasi Tebet Timur,Tebet Timur,3000000000,150,110,4,3,2
Rumah Baru Siap Huni Semi Furnish Akses 1mobil Lokasi Tebet Utara,Tidak Diketahui,3200000000,210,91,5,3,1
Dijual rumah baru Lokasi tbt timur,Tidak Diketahui,3300000000,150,90,3,2,1
Rumah Siap Huni Di Tebet,Tidak Diketahui,5700000000,250,190,4,3,1
Rumah Siap Huni Di Kebon Baru Jaksel,Kebon Baru,2100000000,188,125,6,4,1
Di jual Rumah di tebet,Tidak Diketahui,4000000000,89,175,3,3,2
good house at jaksel tebet,Tidak Diketahui,2200000000,120,220,5,3,1
goood house at jakarta selatan tebet,Tidak Diketahui,8500000000,234,300,5,4,1
good house at jakarta selatan tebet,Tidak Diketahui,1700000000,154,204,5,2,0
Jual Cepat Rumah Di Tebet,Tidak Diketahui,10500000000,350,247,5,5,3
Rumah Tebet Dekat Mall Kokas BU Harga Covid,Tidak Diketahui,1899000000,150,135,4,2,1
good house at tebet,Tidak Diketahui,1500000000,90,121,3,2,0
Rumah Tebet Barat Dalam Jakarta Selatan,Tebet Barat,9000000000,399,384,3,3,1
Dijual Termurah Rumah Siap Huni di Tebet Utara Jakarta Selatan,Tidak Diketahui,3500000000,180,100,5,4,1
TEBET MAS Rumah Nyaman Dalam Komplek Elit Dekat Taman JARANG ADA,Tidak Diketahui,13000000000,250,322,4,3,2
Dijual Rumah di Tebet Utara,Tidak Diketahui,7800000000,160,261,3,4,2
Dijual Rumah Tebet Barat Lokasi Premium Tenang Jalan Lebar,Tebet Barat,8000000000,200,202,5,3,3
Dijual Murah Rumah Mewah di Tebet Utara Jakarta Selatan,Tidak Diketahui,8000000000,450,306,5,4,1
Rumah Lama Layak Huni Tebet Jak Sel,Tidak Diketahui,2900000000,90,135,2,1,1
Dijual rumah lama layak huni akses jalan lebar lokasi tebet timur,Tebet Timur,2950000000,125,135,2,1,0
Rumah Tua Butuh Renovasi di Tebet Timur Jak Sel,Tebet Timur,2600000000,80,130,2,1,0
Rumah Siap Huni Baru Renovasi Di Tebet Utara Jak Sel,Tidak Diketahui,2500000000,105,54,3,2,1
Di jual rumah 2nd siap huni akses gg motor tebet,Tidak Diketahui,2500000000,100,130,3,2,0
Rumah Siap Huni Model Minimalis Di Tebet Jakarta Selatan,Tidak Diketahui,2600000000,180,95,4,2,1
TEBET - Bagus Untuk Investasi di Jalan 1 Mobil,Tidak Diketahui,2700000000,120,142,3,2,1
Rumah di Tebet Jalan dua mobil bangunan lama,Tidak Diketahui,5000000000,100,220,2,1,0
Rumah dijual di Tebet,Tidak Diketahui,5900000000,340,134,5,4,3
Rumah huk di Tebet jalan satu mobil lebar,Tidak Diketahui,3000000000,250,150,3,3,2
Rumah baru di Tebet Barat dekat jalan dua mobil,Tebet Barat,3500000000,160,118,4,4,2
Rumah di Tebet Barat bagus terawat dekat fasum,Tebet Barat,3200000000,128,138,3,2,1
TEBET - Siap Huni,Tidak Diketahui,5300000000,200,145,3,3,2
TEBET - Depan Taman,Tidak Diketahui,6500000000,220,150,3,3,1
Jual Cepat Rumah Di Casablanca Jakarta Selatan,Tidak Diketahui,6000000000,300,284,7,3,3
Rumah Baru dijual di Tebet Barat,Tebet Barat,3500000000,200,135,3,3,2
Dijual Rumah Di Jl. Kebon Baru Utara,Kebon Baru,2780000000,192,120,5,4,2
For Sale..Rumah Di Tebet Timur,Tebet Timur,4900000000,215,135,9,8,0
Rumah baru 100% bergaya mewah tebet Jakarta selatan,Tidak Diketahui,3800000000,160,165,4,3,1
Dijual Rumah Baru Dengan Design Minimalis Di Tebet,Tidak Diketahui,4500000000,175,125,3,3,2
Dijual Rumah Brand New,Tebet Barat,6500000000,350,230,4,4,2
Dijual Rumah Dalam Komplek Elit Tebet Mas Lokasi Paling Premium di Tebet,Tidak Diketahui,5500000000,300,140,3,3,2
Dijual Rumah di Tebet Utara,Tidak Diketahui,7800000000,160,261,3,4,2
TERJUAL Rumah Di Bukit Duri Area Komersil,Bukit Duri,3900000000,150,250,4,2,2
DIJUAL CEPAT HARGA MURAH ( BU CEPAT) Rumah 700 m2 Di TEBET,Tidak Diketahui,9200000000,450,700,8,4,4
Dijual rumah siap huni 2lantai full strategis dekat kokas akes jalan2mobil lokasi menteng dalam,Menteng Dalam,2200000000,150,82,5,2,2
Rumah Siap Huni Hanya 50m Dari Dan Ke Asem Baris Raya Tebet,Tidak Diketahui,2100000000,100,126,2,2,1
Rumah Siap Huni Akses 1mobil Di Tebet Timur,Tebet Timur,2450000000,150,135,5,2,0
Rumah Bagus Siap Huni Pinggir Jalan 2 Mbl Asem Baris Tebet,Tidak Diketahui,2150000000,120,135,3,2,1
Rumah Bagus Siap Huni Pinggir Jalan 2 Mbl Asem Baris Tebet,Tidak Diketahui,2300000000,130,150,4,1,0
Rumah siap huni lokasi strategis pinggir jalan raya asem baris jaksel,Tidak Diketahui,2000000000,120,94,2,2,0
Rumah Tua Dalam Lingkungan Yang Nyaman Di Kebon Baru Jakarta Selatan,Kebon Baru,2250000000,130,150,2,1,0
Dijual rumah di Asem baris,Tidak Diketahui,2000000000,100,111,2,2,1
Rumah baru siap huni di tebet barat,Tebet Barat,4000000000,216,135,5,4,2
Dijual Rumah Komplek Tebet Lokasi Premium Tenang Jalan Lebar,Tidak Diketahui,13000000000,216,384,3,3,2
Dijual Cepat Rumah Di Tebet Dalam,Tidak Diketahui,9000000000,470,353,9,6,0
Rumah Baru Model Minimalis Di Tebet Timur Jakarta Selatan,Tebet Timur,6200000000,260,138,6,5,0
Dijual Rumah Lama Hitung Tanah Di Tebet Jaksel,Tidak Diketahui,2400000000,120,149,3,2,0
TEBET RAYA Jalan Lebar Cocok Untuk Resto dan Kantor,Tidak Diketahui,15000000000,237,387,5,4,3
3 Bedrooms House Tebet,Tidak Diketahui,2200000000,120,100,3,2,1
Jual Rumah Tebet 3-Lantai Akses 2 Mobil,Tidak Diketahui,5000000000,320,150,9,5,0
Rumah tebet dekat mall kokas,Tidak Diketahui,2700000000,135,87,3,2,2
Rumah Baru di Jln Tebet Timur Jakarta Selatan,Tebet Timur,4595000000,170,136,5,4,2
Dijual Rumah di Jalan Palbatu,Tidak Diketahui,1300000000,100,75,3,2,0
Dijual Cepat Rumah Hoek Tebet,Tidak Diketahui,12000000000,500,590,10,10,0
Dijual Cepat Rumah Bagus di Tebet,Tidak Diketahui,3500000000,170,100,5,3,3
Dijual Rumah Baru di Tebet,Tidak Diketahui,3900000000,179,142,5,4,2
Dijual Rumah Baru di Tebet,Tidak Diketahui,3900000000,179,142,5,4,2
Dijual Rumah Elite di Tebet,Tidak Diketahui,1250000000,480,312,4,2,1
Dijual Rumah Baru di Tebet,Tidak Diketahui,3900000000,230,130,3,4,3
Dijual Rumah Tebet Barat,Tebet Barat,3000000000,150,160,5,2,0
Dijual Rumah Cantik Tebet Lokasi Premium Nyaman Jalan Lebar,Tidak Diketahui,12000000000,240,303,6,6,4
Rumah Nyaman Jalan Lebar Strategis Di Kebon Baru Dekat Stasiun Tebet,Kebon Baru,5000000000,275,210,6,5,3
Rumah 2 Lantai Luas Murah Strategis Di Kebon Baru Dekat Stasiun Tebet,Kebon Baru,2300000000,150,132,4,3,1
Dijual Rumah Strategis Komplek Gudang Peluru Jakarta Selatan,Tidak Diketahui,9800000000,162,342,5,3,2
Rumah Murah Di Tebet Jaksel,Tidak Diketahui,6800000000,500,428,5,4,4
Rumah 2 Lantai Di Tebet Barat,Tebet Barat,11000000000,600,391,7,5,4
Rumah Di Pinggir Jalan Tebet Barat Raya,Tebet Barat,11500000000,350,400,9,7,6
Dijual Cepat Rumah Tebet Barat Dalam Lokasi Strategis Jakarta Selatan,Tebet Barat,3600000000,130,163,3,2,2
Rumah Mewah Dan Sangat Strategis Di Tebet,Tidak Diketahui,9500000000,340,240,7,4,2
Tebet Mas,Tidak Diketahui,13000000000,225,322,4,3,2
Rumah TEBET jak sel,Tidak Diketahui,10000000000,300,264,5,4,0
Rumah berada di kawasan elit di @Tebet Timur,Tebet Timur,5500000000,117,205,5,4,0
Rumah Di tebet Barat,Tebet Barat,3500000000,90,110,3,3,1
Rumah di tebet,Tidak Diketahui,3500000000,250,91,4,2,2
Rumah Murah Di Tebet Jakarta Selatan Baru,Tidak Diketahui,3800000000,154,113,4,4,3
Rumah Siap Huni Di Tebet Lokasi Sangat Strategis Sekali,Tidak Diketahui,2800000000,250,90,3,3,1
Dijual Rumah Mewah Terawat Di Daerah Tebet Hrg Menarik,Tidak Diketahui,13750000000,600,429,6,4,1
Rumah Baru Tebet,Tidak Diketahui,6200000000,220,150,4,4,2
Dijual Rumah Asri,Tidak Diketahui,4600000000,200,147,4,3,1
Rumah Lama di tebet berada di pusat kota jakarta selatan,Tidak Diketahui,12000000000,322,322,4,3,2
di jual rumah bagus tebet,Tidak Diketahui,2500000000,94,78,2,2,2
Rumah Lama Tebet Dijual Cepet Dengan Lokasi Strategis,Tidak Diketahui,2500000000,160,135,3,2,2
Rumah Besar Bangunan Kokoh Siap Huni Di Kebon Baru Tebet Jak Sel,Kebon Baru,9200000000,450,700,8,4,2
Dijual rumah hitung tanah di tebet dalam komplek jalan lebar,Tidak Diketahui,6500000000,217,217,3,2,2
Rumah Siap Huni Dan Bagus Dijual Kebon Baru Tebet Jakarta Selatan,Kebon Baru,12000000000,450,700,8,4,0
Rumah Di Tebet Timur,Tebet Timur,4200000000,120,143,6,3,2
Rumah Di Tebet Barat Dalam,Tebet Barat,5500000000,200,221,5,2,2
Tebet rumah minimalis modern akses 2 mobil,Tidak Diketahui,3500000000,190,100,6,4,2
Rumah gang kebun baru tebet jakarta selatan,Tidak Diketahui,900000000,100,56,3,2,0
Rumah Dijual di Tebet Jakarta Selatan,Tidak Diketahui,3500000000,350,100,4,4,2
Rumah murah dan strategis di tebet timur jakarta selatan,Tebet Timur,7500000000,150,288,5,3,1
Rumah dua lantai di Tebet Barat Dalam Jakarta Selatan,Tebet Barat,3500000000,235,140,5,4,2
Rumah Jakarta Selatan Tebet,Tidak Diketahui,14000000000,200,475,5,3,0
Rumah Siap Huni LT 170 M2 TERMURAH di Tebet Dalam,Tidak Diketahui,3500000000,210,170,6,2,2
Newly House dekat Taman Akses JALAN 2 MOBIl bentuk tanah NGANTONG di Tebet Barat,Tebet Barat,4950000000,225,110,5,4,2
Rumah Cantik 3 Lt Semi FURNISH di Tebet Utara,Tidak Diketahui,2600000000,210,91,5,3,1
Dijual Rumah Baru Di Tebet Timur Harga Bagus,Tebet Timur,4200000000,200,165,4,2,0
Rumah Arsitektur Klasik Dijual Di Tebet Barat Harga Bagus,Tebet Barat,4200000000,150,100,4,4,0
Dijual Rumah 3 Lantai Cocok Untuk Tempat Tinggal Dan Usaha Kost,Tidak Diketahui,1300000000,332,125,7,7,0
Rumah siap huni di Tebet - RPA,Tidak Diketahui,8500000000,550,440,8,5,5
Brand New Rumah Soho Tebet,Tidak Diketahui,8750000000,180,137,4,4,2
Rumah Brand New Siap Huni Tebet Timur Dalam,Tebet Timur,3900000000,200,130,3,3,1
Di jual rumah siap huni model classic di tebet menteng dalem jakarta selatan,Tidak Diketahui,6100000000,390,130,7,6,3
Rumah Cantik Tebet Jaksel. Dekat Cbd Kuningan Dan Mal Kokas,Tidak Diketahui,2500000000,150,90,3,2,1
Dijual Rumah Siap Huni di Tebet Jakarta Selatan,Tidak Diketahui,3500000000,350,100,4,4,2
Rumah Tua Strategis Dijual Hitung Tanah Di Tebet,Tidak Diketahui,3500000000,225,360,4,2,1
Dekat Rumah Sakit Tebet Dan Gelael,Tidak Diketahui,3500000000,200,145,8,8,3
TEBET Rumah Jual Hitung Tanah Jalan Tiga Mobil Lebar,Tidak Diketahui,4500000000,150,200,3,2,2
Rumah Cantik Brand New,Tidak Diketahui,3200000000,150,86,5,4,2
TEBET - Rumah Baru,Tidak Diketahui,6500000000,300,173,4,4,2
Rumah di Tebet Timur Jalan 1 Mobil Lebar,Tebet Timur,1900000000,130,135,5,2,1
TEBET - Sangat Terawat,Tidak Diketahui,5990000000,350,220,5,5,2
DIJUAL Cepat Rumah Baru Siap Huni Full Furnish,Tebet Barat,5500000000,300,173,4,4,2
Tebet rumah mewah prime lokasi,Tidak Diketahui,16500000000,800,361,7,5,6
Rumah jual tebet jl 2mobil 4. 5mly,Tidak Diketahui,4499999744,250,140,5,4,2
Dijual Rumah Tebet Barat Lokasi Premium Tenang Jalan 1 Mobil,Tebet Barat,3500000000,150,135,3,3,2
Dijual Rumah Baru Siap Huni Depan Taman Tebet,Tidak Diketahui,6000000000,220,150,4,4,2
Rumah baru 100%,Tidak Diketahui,3600000000,154,110,3,3,2
4 Bedrooms House Tebet,Tidak Diketahui,4300000000,180,135,4,4,2
TEBET Rumah Mewah Terawat Dekat Jalan Soepomo,Tidak Diketahui,7900000000,380,225,5,4,2
Dijual Rumah Di Barat Asem Baris,Tidak Diketahui,5000000000,320,150,5,5,3
Dijual Rumah Di Tebet Barat,Tebet Barat,3000000000,110,132,3,2,0
Rumah Didalam Kompleks Tebet,Tidak Diketahui,4900000000,280,170,5,4,3
Dijual Rumah Tebet Depan Taman Asri Jalan Muat 2 Mobil,Tidak Diketahui,3700000000,130,130,3,3,2
Rumah Tebet Asam Baris,Tidak Diketahui,2900000000,160,160,3,3,1
Rumah Tebet Barat,Tebet Barat,3700000000,175,89,3,3,2
Dijual Rumah Hitung Tanah Tebet Timur Lokasi Strategis Jalan 1 Mobil,Tebet Timur,3600000000,100,180,4,2,1
Dijual Rumah Hitung Tanah Tebet Utara IV,Tidak Diketahui,2333333000,80,90,2,2,1
TEBET - Rumah Bagus,Tidak Diketahui,6500000000,275,150,4,5,1
TEBET - RUMAH BARU,Tidak Diketahui,6500000000,270,140,3,3,4
TEBET - SIAP HUNI,Tidak Diketahui,2850000000,102,96,3,2,2
Rumah Dijual Daerah Bukit Duri Jakarta Selatan,Bukit Duri,1250000000,120,136,5,2,0
Rumah Hitung Tanah Di Gudang Peluru,Tidak Diketahui,4000000000,194,194,3,3,1
Dijual Rmh Secont Tebet,Tidak Diketahui,6000000000,250,141,4,4,3
Rumah Dekat Pusat Kota Selangkah Menuju Terminal Kampung Melayu,Tidak Diketahui,2600000000,147,154,4,3,1
Dijual Rumah siap huni baru di tebet barat V,Tebet Barat,3500000000,126,135,4,3,0
Rumah baru 2 lantai di Tebet timur,Tebet Timur,3500000000,170,112,3,4,2
Di Jual Rmh Tbt Siap Huni,Tidak Diketahui,12500000000,600,208,4,5,3
Rumah bagus dekat taman dan pasar pspt siap huni acces mudah kemana saja,Tidak Diketahui,3950000000,260,133,5,5,2
Rumah Tebet Timur Dalam,Tebet Timur,2300000000,100,140,3,2,1
Jual Rumah 2 Lantai Di Tebet Jakarta Selatan,Tidak Diketahui,4000000000,216,135,5,4,1
Hunian Nyaman Di Gudang Peluru,Tidak Diketahui,8000000000,382,404,6,3,1
Rumah Siap Huni 2 Lantai,Menteng Dalam,5000000000,180,127,4,4,2
TEBET Rumah Lama Hitung Tanah Bangunan Masih Layak Huni,Tidak Diketahui,7200000000,200,256,5,3,2
Rumah Mewah Dijual Tebet Jakarta Selatan,Tidak Diketahui,17500000000,800,365,5,4,6
Dijual rumah mewah tebet barat,Tebet Barat,14800000000,500,310,4,4,4
Rumah Tebet segera jual,Tidak Diketahui,3750000000,196,196,7,5,2
Rumah Baru Lux siap huni strategis di Menteng Dalam Tebet Jakarta Selatan,Menteng Dalam,6200000000,390,130,7,6,3
5 Bedrooms House Tebet,Tidak Diketahui,4000000000,200,160,5,4,2
Tebet Barat Rumah Full Furnished,Tebet Barat,6200000000,251,140,5,4,5
Dijual Rumah Pinggir Jalan Di Asem Baris Tebet Jakarta Selatan,Tidak Diketahui,8000000000,252,200,4,3,2
Dijual Rumah Mewah Lokasi Strategis Di Tebet Barat Jakarta Selatan,Tebet Barat,8800000000,400,230,5,5,3
Rumah Siap Huni Di Tebet Jakarta Selatan,Tidak Diketahui,3200000000,150,80,5,5,1
Dijual Rumah Tua Hitung Tanah di Tebet,Tidak Diketahui,2250000000,135,135,4,4,0
Dijual Rumah Lux Tebet Jakarta Selatan,Tidak Diketahui,16000000000,140,246,6,6,1
Rumah Jual Hitung Tanah,Tebet Timur,5999999999,240,240,4,4,3
Rumah Dijual Hitung Tanah Di Tebet Barat,Tebet Barat,8555555555,304,304,3,2,3
TEBET - Rumah Bagus,Tidak Diketahui,4600000000,215,135,9,8,2
TEBET - Siap Huni,Tidak Diketahui,4700000000,222,145,4,3,2
Dijual Rumah Siap Huni BU di Kebon Baru Tebet Jakarta Timur,Kebon Baru,2500000000,165,135,4,3,1
Dijual Rumah Cantik Tebet Lokasi Premium Nyaman Jalan 2 Mobil,Tidak Diketahui,8500000000,260,256,4,3,4
Rumah Jl. Rasamala Menteng Dalam,Menteng Dalam,5100000000,200,305,5,2,3
Dijual rumah second Tebet Jakarta Selatan berada dalam lingkungan aman,Tidak Diketahui,8000000000,330,240,5,5,3
Dijual Rumah Di Kebon Baru Tebet,Kebon Baru,3975000000,325,226,6,5,1
Rumah tebet timur dalam,Tebet Timur,5800000000,340,173,5,4,2
Rumah Mewah Siap Huni Di Tebet,Tidak Diketahui,5500000000,420,210,6,5,2
Rumah Asri Dan Sangat Strategis Di Tebet,Tidak Diketahui,4500000000,120,154,6,4,1
Rumah Tebet utara,Tidak Diketahui,2700000000,94,78,3,2,1
Rumah Second Fully Furnish Siap Huni Turun Harga BU Di Menteng Dalam Tebet Jakarta Selatan,Menteng Dalam,4300000000,180,127,4,4,2
Dijual Rumah Minimalist Modern 3lnt Tebet,Tidak Diketahui,3700000000,150,90,4,4,3
Dijual Rumah 2 Lnt Tebet,Tidak Diketahui,3800000000,200,130,4,4,2
Dijual rumah kos tebet,Tidak Diketahui,2600000000,200,135,10,3,2
Dijual Rumah Kondisi Layak Huni Tebet,Tidak Diketahui,4200000000,400,225,5,4,2
Rumah Tua Hitung Tanah Tebet,Tidak Diketahui,3600000000,200,186,3,2,0
Rumah Tua hitung Tanah Tebet,Tidak Diketahui,2150000000,100,104,2,1,0
Tebet Timur Area Tenang dan Nyaman,Tebet Timur,2600000000,120,90,3,2,1
Rumah Mewah di Tenet,Tidak Diketahui,8300000000,260,306,4,3,1
TERJUAL TEBET Rumah Terawat Siap Huni Dekat dari Jalan Besar,Tidak Diketahui,2990000000,162,156,5,4,2
TEBET Rumah Siap Huni Buatan Arsitek,Tidak Diketahui,3200000000,160,90,3,3,2
TEBET Rumah Siap Huni Buatan Arsitek,Tidak Diketahui,2800000000,150,90,4,3,2
Rumah Di Tebet Lokasi Strategis,Tidak Diketahui,7500000000,350,250,5,4,1
Rumah di Tebet Hanya 200 m dari MT Haryono,Tidak Diketahui,6000000000,295,352,6,4,5
Rumah Di Tebet Lingkungan Mewah Dan Akses Mudah,Tidak Diketahui,13500000000,400,430,9,4,4
Rumah Nyaman Asambaris Tebet,Tidak Diketahui,5000000000,320,150,7,6,2
Rumah Dijual 2 lantai,Kebon Baru,6800000000,500,428,6,4,5
Rumah tebet timur jakarta selatan. cozy style modern mini custler 4,Tebet Timur,4600000000,176,137,5,4,2
Di Jual Rumah Second Lokasi Strategis Tebet Jakarta Selatan,Tidak Diketahui,7000000000,300,182,4,3,2
Tebet rumah modern classic,Tidak Diketahui,3500000000,400,150,5,4,2
Dijual rumah cantik bagus di Daerah Menteng Tebet,Tidak Diketahui,5300000000,195,199,5,2,1
Dijual rumah baru cantik minimalis di Tebet,Tidak Diketahui,4000000000,216,135,5,4,1
Dijual Rumah Siap Huni 1.5 Lnt,Tidak Diketahui,3500000000,190,135,4,3,2
Rumah Strategis di Tebet dekat Terminal Kampung Melayu,Tidak Diketahui,2400000000,147,154,2,2,0
Rumah Minimalist Dijual Di Kebon Baru,Kebon Baru,3375000000,192,120,5,4,2
Dijual Rumah Siap Huni DI Tebet Jaksel,Tidak Diketahui,15000000000,350,400,7,4,3
Tebet Timur Jalan lebar,Tebet Timur,14000000000,400,541,5,5,4
Rumah Hitung Tanah di Tebet Timur,Tebet Timur,7100000000,200,256,6,3,3
Rumah second masih bagus wilayah Tebet,Tidak Diketahui,6000000000,325,222,6,4,1
TERJUAL TEBET TIMUR JALAN 2 MOBIL Dekat Taman,Tebet Timur,4300000000,200,145,3,3,2
Dijual Rumah Cantik Tebet Barat Lokasi Dekat Taman Nyaman Jalan 1 Mobil,Tebet Barat,3500000000,250,90,3,4,2
Very Cheap House Tebet,Tidak Diketahui,6500000000,219,338,5,3,1
Tebet rumah full furnished,Tidak Diketahui,7000000000,210,166,6,6,3
The Classic Luxury House With Pool @Brand New near Cassablanca Area,Tidak Diketahui,6100000000,375,130,6,5,3
The Classic Luxury House With Pool @Brand New near Cassablanca Area,Tidak Diketahui,4000000000,200,160,5,4,2
Rumah siap huni di tebet dalam,Tidak Diketahui,8000000000,470,350,7,6,2
Rumah Tua Kebon Baru Tebet Jakarta Selatan,Kebon Baru,10000000000,674,775,4,3,0
Rumah Tebet Ada Kamar Tidur,Tidak Diketahui,3700000000,400,370,6,2,0
Rumah Area Tebet Ada Kamar Tidur,Tidak Diketahui,3000000000,192,120,4,3,2
Dijual Rumah Gudang Peluru Tebet Lokasi Premium Nyaman Jalan Lebar,Tidak Diketahui,8250000000,460,290,6,5,2
Rumah di Tebet Timur Dalam 7 i,Tebet Timur,3300000000,160,179,4,2,2
Dijual Rumah Di Tebet,Tidak Diketahui,11000000000,500,400,6,3,4
Dijual Rumah Baru Siap Huni Daerah Tebet,Tidak Diketahui,7000000000,220,166,4,4,2
Tebet Timur Rumah Homies Termurah Cepat,Tebet Timur,2990000000,162,156,6,4,2
DIJUAL Rumah 2 Lantai,Tidak Diketahui,3600000000,125,135,5,3,2
Dijual Murah Rumah Di Jln Keselamatan Tebet Jakarta Selatan,Tidak Diketahui,2650000000,190,202,4,2,4
Rumah Hoky Lokasi Strategis Di Belakang Hotel Haris Tebet,Tidak Diketahui,2650000000,180,202,4,2,4
Rumah 2 Lantai Siap Huni di Bilangan Tebet,Tidak Diketahui,2700000000,200,122,5,3,1
Rumah Tebet Dengan Lokasi Strategis Jalan Lebar,Tidak Diketahui,2800000000,150,98,4,3,1
Djual rumah di tebet jakarta selatan luas,Tidak Diketahui,9200000000,450,700,8,5,2
Rumah jual Tebet Barat,Tebet Barat,6000000000,150,250,4,4,2
Rumah Dijual Murah Lokasi Strategis Di Kebon Baru,Kebon Baru,1000000000,140,128,5,3,1
Brand New House At Tebet Barat,Tebet Barat,14800000000,500,310,3,3,4
Dijual Rumah Di tebet,Tidak Diketahui,7500000000,200,280,5,5,2
TEBET Rumah Nyaman Siap Huni dekat Kawasan Kuliner Tebet,Tidak Diketahui,1999000000,125,133,4,2,1
Rumah di Tebet Timur,Tebet Timur,1950000000,125,130,4,2,1
Townhouse Bidakara Mewah Nyaman Di Jakarta Selatan 4 Br,Tidak Diketahui,11500000000,600,208,4,5,4
Rumah hook dijual,Tidak Diketahui,2400000000,147,154,3,2,1
Rumah Cantik Full Renov Tebet Timur,Tebet Timur,3100000000,140,90,3,2,2
Rumah Siap Huni Di Tebet - Jakarta Selatan,Tidak Diketahui,4600000000,250,184,4,3,2
Dijual Rumah Lama Tebet Barat Lokasi Strategis Jalan 1 Mobil,Tebet Barat,3000000000,140,135,3,2,1
Dijual Rumah Baru 2 lantai Di Tebet,Tidak Diketahui,3200000000,120,86,5,4,2
Rumah Asri di jalan utama tebet,Tidak Diketahui,15000000000,500,400,9,6,4
Rumah tebet timur dalam,Tebet Timur,4500000000,140,140,3,2,1
Dijual rumah hook asri Bangunan di gudang peluru,Tidak Diketahui,6800000000,480,290,6,3,4
Rumah Tebet Timur Dalam Dekat Pspt dan stasiun tebet,Tebet Timur,6500000000,219,338,5,3,3
Rumah lama hitung tanah kb. Baru Tebet,Tidak Diketahui,3550000000,250,352,5,1,3
Siap Huni Depan Taman Tebet Dalam,Tidak Diketahui,4200000000,220,115,4,3,0
Rumah Dijual Di Tebet,Tidak Diketahui,9000000000,250,162,4,3,2
Rumah Tinggal Area Tebet,Tidak Diketahui,12000000000,385,404,4,3,0
Rumah Mewah Di Prime Area Tebet,Tidak Diketahui,12000000000,350,198,7,5,4
Rumah Bagus Siap Huni Dekat Casablanca. TERMURAH Di TEBET !,Tidak Diketahui,3500000000,300,190,6,6,3
Rumah Siap Huni Dan Tanah Kosong  Tebet Barat,Tebet Barat,15000000000,200,385,5,5,0
Rumah Lama Di Tebet. MURAH. Best Investment !,Tidak Diketahui,3850000000,160,224,4,3,1
Komplek Bukit Duri Permai,Bukit Duri,9800000000,759,319,4,4,4
Rumah Bagus Siap Huni JUAL CEPAT ! Tebet Utara,Tidak Diketahui,8900000000,300,300,5,4,2
Rumah Cantik Siap Huni Dalam Komplek. JUAL CEPAT ! Tebet Barat,Tebet Barat,4700000000,280,102,4,3,3
Rumah Baru Siap Huni. MURAH ! Tebet Barat,Tebet Barat,3050000000,173,89,3,4,2
Rumah Bagus Siap Huni FULL FURNISHED Di Dalam Komplek Tebet Barat,Tebet Barat,5750000000,250,121,4,4,2
Rumah Baru Dalam Komplek Tebet,Tidak Diketahui,4500000000,250,110,4,3,1
Rumah Tebet 2 lantai,Tidak Diketahui,6500000000,117,205,5,4,0
Rumah tebet ada ruang usaha jakarta selatan,Tidak Diketahui,13000000000,500,400,6,3,2
good unit house tebet jakarta,Tidak Diketahui,7300000000,500,325,5,5,1
Rumah Tebet Timur,Tebet Timur,2900000000,125,135,5,2,1
Rumah Tebet Timur,Tebet Timur,8000000000,278,278,7,3,2
Rumah Cantik Jalan 2 Mobil Tebet,Tidak Diketahui,6250000000,240,180,7,5,0
Dekat Stasiun Tebet Dan Mega Kuningan,Tidak Diketahui,8750000000,300,322,4,4,2
4 Bedrooms House Tebet,Tidak Diketahui,5500000000,360,140,4,4,2
Rumah Di Jual Tebet Barat,Tebet Barat,16500000000,700,550,6,6,1
good unit house tebet jakarta,Tidak Diketahui,1100000000,63,300,3,1,1
Rumah Bagus Siap Huni Ada S. Pool Di Tebet,Tidak Diketahui,15000000000,700,700,5,3,4
Rumah Baru Spec Premium Semifurnished,Tidak Diketahui,6900000000,250,125,3,2,2
Dijual Cepat rumah 3 lantai di Tebet,Tidak Diketahui,7500000000,500,280,5,4,1
Rumah minimalis tebet jalan 3 mobil,Tidak Diketahui,5800000000,220,141,4,4,3
Rumaha mewah siap huni tebet,Tidak Diketahui,14500000000,400,307,3,3,4
Rumah Minimalis Siap Huni Tebet,Tidak Diketahui,4500000000,200,146,4,4,2
5 Bedrooms House Tebet,Tidak Diketahui,17000000000,600,550,5,6,6
Dijual Rumah Tebet Dekat Dengan Jalan 2 Mobil Beda 1 Rumah..!!,Tidak Diketahui,2950000000,150,134,3,2,1
Rumah Hitung Tanah Tebet Jalan 1 Mobil,Tidak Diketahui,3000000000,150,150,3,2,1
Dijual Cepat Rumah Strategis Tebet Timur,Tebet Timur,2000000000,80,90,2,1,1
Jual Cepat Rumah Mewah di Tebet Jakarta Seatan,Tidak Diketahui,8500000000,300,325,5,3,2
Rumah Cantik Di Tebet Jakarta Selatan,Tidak Diketahui,7000000000,280,220,4,3,4
Dijual Cepat Rumah lama layak huni di Tebet,Tidak Diketahui,9800000000,400,350,4,5,1
Rumah Siap Huni Di Tebet Lokasi Sangat Strategis Sekali,Tidak Diketahui,3000000000,150,90,3,2,1
Rumah Mewah Kampung Melayu Jual Murah Bawah Pasaran,Tidak Diketahui,5500000000,200,250,4,3,3
Rumah Lama Terawat Di Tebet Timur,Tebet Timur,4850000000,300,265,4,3,0
Rumah Baru Renovasi Di Tebet Utara,Tidak Diketahui,3200000000,150,135,5,2,1
Rumah Baru Dekat Kawasan Tebet jakarta selatan,Tidak Diketahui,6700000000,390,130,7,6,3
Dijual Rumah Komplek Depkeu Menteng Tebet Jakarta Selatan,Tidak Diketahui,17000000000,360,606,8,3,1
Rumah hitung tanah di kebon baru Tebet Jakarta Selatan,Kebon Baru,9200000000,650,695,6,8,1
Rumah Minimalis Bagus Prime Area Tebet Barat,Tebet Barat,6900000000,250,160,3,4,1
Rumah Kos Tebet,Tidak Diketahui,3800000000,250,145,8,8,0
Tebet Rumah Hitung Tanah Siap Bangun Linkungan Aman dan Nyaman,Tidak Diketahui,3600000000,120,139,5,3,1
Tebet Rumah Hitung Tanah Dekat Taman,Tidak Diketahui,1700000000,80,90,2,2,1
Rumah dijual di tebet,Tidak Diketahui,2900000000,133,126,3,2,1
Rumah Siap Huni Ditebet Jual Cepat,Tidak Diketahui,1900000000,120,90,3,2,1
Rumah Tebet Soepomo Komplek Keuangan,Tidak Diketahui,17000000000,390,608,9,3,5
Rumah Murah Tanah Luas Siap Huni Di Asem Baris Tebet Jakarta Selatan,Tidak Diketahui,7000000000,500,428,6,6,4
Rumah Dan Kos-Kosan Di Tebet Barat,Tebet Barat,3300000000,200,145,8,8,2
Rumah Baru Minimalis 2 Lantai Siap Huni di Tebet Jakarta,Tidak Diketahui,7150000000,250,162,4,3,2
Murah Dibawah Pasaran,Tebet Timur,8500000000,283,306,5,4,1
Rumah Murah 2 Lantai Tebet,Tidak Diketahui,600000000,60,30,2,1,0
Dijual Rumah Brand New Siap Huni Harga Murah Dengan Tanah Luas Di Tebet Barat,Tebet Barat,17000000000,450,310,4,4,4
Rumah Minimalis Murah Dekat Stasiun Tebet Jakarta Selatan,Tidak Diketahui,2750000000,121,100,4,3,1
Dijual Rumah Tebet Barat Lokasi Premium Nyaman Jalan 1 Mobil,Tebet Barat,3000000000,224,124,3,3,1
Rumah Cantik Minimalis Di Tebet,Tidak Diketahui,6500000000,300,200,5,4,4
Rumah tebet timur dalam jalan 1 mobil dekat 2 mobil,Tebet Timur,5900000000,272,311,4,4,5
Rumah 2 Lantai di Kebon Baru Tebet Jakarta Selatan,Kebon Baru,2400000000,147,154,3,2,0
Rumah Baru Bagus,Tidak Diketahui,4800000000,325,226,4,4,3
DIJUAL CEPAT Rumah 2 LANTAI SIAP PAKAI MURAH SEKALI @Tebet,Tidak Diketahui,6500000000,250,180,8,5,2
Rumah Ditebet Utara Tebet Jakarta Selatan,Tidak Diketahui,6500000000,250,181,8,6,1
Dijual Rumah Di Tebet,Tidak Diketahui,3195000000,150,135,3,3,1
Rumah Bagus Di Asem Baris - Tebet,Tidak Diketahui,5000000000,320,150,7,6,2
Rumah Bagus Di Asem Baris - Tebet,Tidak Diketahui,10000000000,380,230,6,4,0
DIJUAL RUMAH di Jl. Asem Baris Tebet,Tidak Diketahui,2200000000,226,95,5,3,2
Rumah Mewah design Klasik,Tebet Barat,14800000000,500,310,4,4,4
Di Jual Show Unit Tebet Jakarta Selatan,Tidak Diketahui,2700000000,72,72,4,4,0
Dijual cepat murah BU rumah lama strategis di tebet jakarta selatan,Tidak Diketahui,3000000000,100,139,3,2,1
DIJUAL CEPAT Rumah 2 Lantai SIAP HUNI & MURAH JARANG ADA di Tebet,Tidak Diketahui,6500000000,250,180,8,5,2
Tebet - Dijual Rumah Dalam Kompleks Gudang Peluru,Tidak Diketahui,7500000000,180,200,5,4,1
Rumah Siap Huni,Tidak Diketahui,5000000000,250,217,3,3,1
Jual cepat Rumah Besar di Tebet Timur,Tebet Timur,3250000000,300,153,8,7,2
Rumah Kost Bisa Untuk Huni Di Tebet Barat Dalam Dekat Mt. Haryono,Tebet Barat,3300000000,200,130,9,3,1
TEBET Rumah Lingkungan Nyaman dan Aman Dekat Taman,Tidak Diketahui,4500000000,200,180,4,3,1
TEBET Rumah Brand New Depan Taman Jalan Dua Mobil Lebar,Tidak Diketahui,7200000000,250,161,3,3,2
Menteng Dalam - Tebet Akses Jalan 2 Mobil Dekat Asisi,Menteng Dalam,2800000000,150,102,3,3,1
Tebet Rumah Brand New Akses Jalan 2 Mobil,Tidak Diketahui,4500000000,250,96,5,4,2
Dijual Cepet Rumah Siap Huni Tebet,Tidak Diketahui,2700000000,100,130,5,2,2
Dijual Rumah Minimalis Tebet Timur Lokasi Premium Bisa Untuk Kantor Jalan Raya,Tebet Timur,9500000000,250,189,4,3,2
Rumah Siap huni 3 lantai dalam komplek Tebet,Tidak Diketahui,5500000000,147,107,6,4,1
Kebon Baru Rumah Nyaman Siap Huni,Kebon Baru,1500000000,120,90,3,2,1
Rumah Secondary tanah luas strategis asem baris Tebet,Tidak Diketahui,7000000000,500,428,8,6,4
Tebet rumah murah prime location,Tidak Diketahui,3500000000,210,170,5,3,2
Rumah brand new area Tebet Barat,Tebet Barat,4950000000,225,110,5,4,2
Dijual rumah baru di tebet jakarta selatan,Tidak Diketahui,1980000000,164,72,4,2,2
BrandNew Siap Huni Parkir 3 Mobil Tebet Utara,Tidak Diketahui,6500000000,250,125,3,3,3
Rumah Tebet Dalam,Tidak Diketahui,3500000000,178,150,3,2,2
Rumah Lama Terawat BU Tebet,Tidak Diketahui,1800000000,105,90,3,2,1
Rumah Lama Terawat lokasi bagus dekat MT.Haryono,Tidak Diketahui,13000000000,350,248,4,4,1
Tebet Rumah Lama Terawat,Tidak Diketahui,3100000000,225,156,4,3,2
Brand New Rumah Strategi Soho Tebet,Tidak Diketahui,4750000000,180,137,4,4,2
4 Bedrooms House Tebet,Tidak Diketahui,2599000000,160,90,4,2,1
Dijual Rumah Komplek Gudang Peluru Hitung Tanah Lokasi Premium Tenang Jalan 2 Mobil,Tidak Diketahui,6250000000,200,320,4,3,2
Rumah Siap Huni Di Tebet,Tidak Diketahui,3000000000,150,135,3,1,1
KOMPLEK ELITE GUDANG PELURU - Rumah Besar Siap Huni,Tidak Diketahui,6550000000,350,270,5,4,2
Rumah Asem Baris,Tidak Diketahui,5000000000,320,150,7,6,1
Rumah Baru Lux Di Tebet Barat,Tebet Barat,16000000000,525,330,4,4,3
Dijual Rumah Tebet Timur Layak Huni Lokasi Premium Nyaman Jalan Lebar,Tebet Timur,7100000256,200,265,6,3,3
Dijual Murah Rumah Hitung Tanah Tebet Timur Lokasi Strategis Jalan 1 Mobil,Tebet Timur,2300000000,144,135,4,2,2
Dijual Rumah 2 Lantai Lokasi Strategis Siap Huni di Asembaris Tebet,Tidak Diketahui,7500000000,500,428,6,4,4
Rumah tebet jakarta selatan,Tidak Diketahui,5500000000,410,205,4,4,2
Rumah Bagus Minimalis Luas Dan Murah Di Asem Baris Tebet Jaksel,Tidak Diketahui,2300000000,150,132,4,3,1
Dekat Stasiun Tebet Dan Jalan Mt Hariyono Dan RS.Umum,Tidak Diketahui,15000000000,237,387,5,4,2
Dijual Rumah Tebet Brand New Lokasi Strategis Jalan 1 Mobil,Tidak Diketahui,3500000000,140,90,3,3,2
Rumah tebet timur dalam jalan 2 mobil,Tebet Timur,5900000000,140,107,3,3,3
Rumah Tebet Dalam Jalan 1 mobil dekat 2 mobil,Tidak Diketahui,3000000000,62,90,5,3,0
Rumah Tebet Barat Dalam,Tebet Barat,2900000000,120,137,5,2,1
Tebet Akses Jalan 2 Mobil Dekat Taman Cocok Untuk Hunian,Tidak Diketahui,6000000000,350,220,5,5,2
Rumah siap huni 3 lantai di Tebet Jakarta Selatan,Tidak Diketahui,5500000000,147,107,6,4,2
DIJUAL RUMAH di TEBET TIMUR Jakarta Selatan,Tebet Timur,3700000000,350,180,4,3,1
Rumah Siap Huni Jalan Lebaaarrr Tebet Barat,Tebet Barat,6250000000,150,150,3,3,2
Rumah Murah Di Tebet Timur Dalam,Tebet Timur,3700000000,150,139,5,3,1
Rumah Mewah di Tebet Jakarta Selatan,Tidak Diketahui,7300000000,300,325,5,4,6
Rumah Cantik 2 Lantai,Tebet Timur,6950000000,150,190,4,4,2
Dijual Rumah Hook Baru Tebet Timur Jakarta Selatan Lokasi Aman Tidak Banjir Dekat Pasar PSPT,Tebet Timur,3400000000,190,110,5,6,2
Dijual Rumah Baru Siap Huni di Tebet Barat,Tebet Barat,3300000000,120,90,3,3,2
Dijual rumah di tebet siap huni,Tidak Diketahui,2700000000,170,88,5,4,0
Dijual Rumah Lux Brandnew,Tidak Diketahui,6700000000,390,130,4,5,2
Dijual Rumah Di Tebet,Tidak Diketahui,12000000000,400,312,4,4,2
Di Jual Rumah Murah Di Tebet,Tidak Diketahui,1500000000,200,170,7,2,0
Rumah lama siap bangun di jalan 1 mobil Tebet Timur,Tebet Timur,2350000000,130,130,4,3,1
Tebet Rumah Lama Jalan 2 Mobil,Tidak Diketahui,3400000000,100,139,6,4,2
Rumah Minimalis Modern 2 Lantai Nan Mewah Dekat Mall Basurra City,Tidak Diketahui,3000000000,200,150,5,4,2
Dijual Rumah Di Tebet,Tidak Diketahui,5000000000,328,150,7,6,2
Dijual rumah siap huni di Tebet,Tidak Diketahui,4000000000,250,154,6,3,2
Dijual rumah siap huni di Tebet,Tidak Diketahui,2300000000,107,54,3,2,1
DIJUAL RUMAH DI TEBET,Tidak Diketahui,4500000000,230,180,4,4,1
Dijual rumah di Tebet,Tidak Diketahui,4400000000,200,195,7,2,2
Dijual rumah di Tebet Timur,Tebet Timur,4500000000,150,179,3,2,1
Dijual Rumah Hitung Tanah Tebet Lokasi Strategis Nyaman Jalan 1 Mobil Lebar,Tidak Diketahui,2800000000,100,130,3,2,2
Dijual Rumah Komplek Gudang Peluru Tebet Lokasi Premium Nyaman Jalan 1 Mobil,Tidak Diketahui,3800000000,178,239,4,3,4
Dijual rumah di TEBET - BANGUNAN TERAWAT DAN KOKOH DI JALAN 3 MOBIL,Tidak Diketahui,15000000000,450,475,5,5,5
Rumah Tanjung Duren,Tidak Diketahui,3500000000,135,101,4,2,2
RUmah Bagus Pinggir Jalan Lokasi Strategis Di Tebet Jakarta Selatan,Tidak Diketahui,5500000000,170,270,6,3,1
Dijual cepat murah BU rumah lama strategis di tebet jakarta selatan,Tidak Diketahui,2900000000,100,139,3,2,2
Rumah Daerah Gudang Peluru Murah,Tidak Diketahui,10000000000,600,400,4,3,0
Dijual cepat murah rumah lama strategis di tebet kuningan jakarta selatan,Tidak Diketahui,4340000000,100,124,3,2,2
Dijual Rumah Siap Huni 3 lantai di Tebet Jakarta Selatan,Tidak Diketahui,2900000000,150,60,4,4,1
Dijual Rumah Minimalis di tebet timur area strategis,Tebet Timur,3200000000,150,92,4,4,2
Rumah Strategis Tebet Timur Akses 1 Mobil & Stasiun Cawang,Tebet Timur,6500000000,272,311,5,5,0
Rumah Murah Dan Strategis Dekat Mall Casablanca Di Tebet Dalam Jaksel,Tidak Diketahui,3500000000,210,172,5,2,2
Rumah daerah Tebet,Tidak Diketahui,7500000000,250,315,3,3,2
Tebet Rumah Dekat Lapangan Bola Siap Huni,Tidak Diketahui,2950000000,135,133,4,3,1
Rumah untuk Investasi di Kawasan Tebet,Tidak Diketahui,5500000000,225,326,7,2,0
5 Bedrooms House Tebet,Tidak Diketahui,9000000000,350,305,5,5,3
4 Bedrooms House Tebet,Tidak Diketahui,2500000000,120,135,4,2,1
Brand New Minimalis Tebet Dengan Lokasi Strategis Dijual Cepat,Tidak Diketahui,3100000000,172,90,4,3,2
Dijual cepat dan murah rumah lama strategis di Tebet Jakarta Selatan,Tidak Diketahui,3500000000,200,231,4,3,2
Dijual rumah di Tebet,Tidak Diketahui,12000000000,480,312,4,2,1
Dijual Rumah Tebet Timur Lokasi Premium Cocok Untuk Usaha Jalan Lebar,Tebet Timur,7000000000,330,187,7,4,2
Dijual Rumah,Tidak Diketahui,6500000000,148,150,4,3,3
Rumah di tebet timur dalam,Tebet Timur,4500000000,200,148,4,3,1
Rumah Tua Di Tebet Jalan Depan Dua Mobil,Tidak Diketahui,7000000000,180,253,3,2,2
Tebet Rumah Tinggal,Tidak Diketahui,2300000000,140,77,4,3,1
Dijual rumah di Tebet,Tidak Diketahui,8750000000,250,200,5,4,2
Jual Rumah Mewah Siap Huni Strategis di Tebet Jakarta Selatan,Tidak Diketahui,8800000000,400,230,5,5,3
Dijual Rumah di Tebet Jakarta Selatan,Tidak Diketahui,3800000000,250,186,4,3,0
Townhouse Bidakara,Tidak Diketahui,13000000000,600,208,4,5,4
Dijual Rumah tua di tebet barat,Tebet Barat,1800000000,90,84,3,2,0
TEBET TIMUR (HOOK) - RUMAH BARU SIAP HUNI,Tebet Timur,13500000000,350,278,6,4,0
Tebet Dijual Rumah cantik 2 lantai semi furnished dan lay out nya bagus,Tidak Diketahui,7100000000,280,241,5,4,3
Tebet Dijual Rumah Siap Huni dan tanah kosong,Tidak Diketahui,8500000000,200,385,5,5,0
Rumah di depan taman di tebet utara,Tidak Diketahui,3000000000,139,150,3,3,1
Dijual rumah Tebet 2 lantai. akses strategis,Tidak Diketahui,3600000000,150,135,5,3,3
Rumah Tebet Jakarta Selatan,Tidak Diketahui,750000000,100,78,3,1,0
Rumah Tebet Barat Jakarta,Tebet Barat,3500000000,160,118,4,4,2
Rumah Bagus siap huni akses 2 mobil daerah Tebet Jakarta Selatan,Tidak Diketahui,8500000000,245,240,3,5,2
3 Bedrooms House Tebet,Tidak Diketahui,1600000000,150,90,3,2,1
Rumah 2 lantai di Jalan Sawo Kecik Raya,Bukit Duri,5500000000,424,311,5,4,4
Rumah Bagus Cakep Dikawasan Elit Tebet Jaksel,Tidak Diketahui,8000000000,260,306,5,4,2
Dijual Rumah Tinggal Siap Huni Di Tebet lokasi strategis dan premium di Jakarta Selatan,Tidak Diketahui,12500000000,480,312,4,2,1
Rumah Terawat Siap Huni Di Tebet,Tidak Diketahui,7500000000,350,220,4,5,1
4 Bedrooms House Tebet,Tidak Diketahui,3000000000,300,110,4,3,1
Tebet Rumah Lama Dijalan Lebar Dengan Lokasi Strategis Jual Cepat,Tidak Diketahui,15000000000,300,260,4,3,4
RUMAH TOWN HOUSE CANTIK TEBET,Tidak Diketahui,3900000000,220,135,4,4,1
Dijual Rumah Hitung Tanah Tebet Lokasi Strategis Nyaman Jalan 2 Mobil,Tidak Diketahui,6000000000,210,203,5,3,1
Rumah Di Tebet,Tidak Diketahui,3000000000,150,90,4,5,1
Brand New Minimalis Tebet Jalan Lebar Depan Taman Dijual Cepat,Tidak Diketahui,5000000000,180,107,6,5,2
DIJUAL Cepat Rumah Cantik minimalis 2 lantai di Tebet,Tidak Diketahui,850000000,56,56,4,2,0
Dijual Rumah Cantik Kebon Baru Lokasi Strategis Nyaman Jalan 2 Mobil,Kebon Baru,2500000000,140,135,4,3,1
Town House Menteng Dalam,Menteng Dalam,2900000000,150,120,2,2,0
NEW TOWNHOUSE WITH PRIVATE POOL AT BIDAKARA TEBET JAKARTA SELATAN,Tidak Diketahui,12500000000,600,208,4,5,4
Rumah Siap Huni Tebet Jalan 2 Mobil Dijual Cepat,Tidak Diketahui,3000000000,160,140,4,3,1
Rumah bagus siap huni dengan lokasi strategis dekat dengan supomo dan casablanca di jalan 1 mobil,Tidak Diketahui,4750000000,200,150,5,5,2
Rumah Termurah Akses Jalan 2 Mobil Luas Tanah 268 M Di Tebet Barat,Tebet Barat,6900000000,400,268,5,4,3
For Sale Single House at Tebet & Condition Semi Furnished HSE-A0330,Tidak Diketahui,10000000000,300,368,4,4,3
Rumah Bagus Dan Elite Di Kawasan Tebet Yang Pretigous,Tidak Diketahui,6700000000,250,125,3,3,3
Tebet Dijual Rumah Tinggal asri . nyaman. Tenang,Tidak Diketahui,9000000000,350,300,4,4,0
4 Bedrooms House Tebet,Tidak Diketahui,2800000000,200,110,4,3,2
5 Bedrooms House Tebet,Tidak Diketahui,3000000000,180,135,5,4,3
Rumah Minimalis bagus Tebet Utara,Tidak Diketahui,4100000000,220,110,4,3,2
Rumah Siap Huni Di Tebet Dalam Jakarta Selatan,Tidak Diketahui,3500000000,162,149,4,2,2
Rumah Dekat Jalan Utama Bukitduri,Tidak Diketahui,2000000000,128,148,4,3,2
Dijual murah,Tebet Timur,9500000000,380,386,7,4,4
Dijual sangat murah rumah baru daerah tebet,Tidak Diketahui,4600000000,250,151,5,3,4
Dijual cepat rumah Tebet timur jakarta selatan,Tebet Timur,6000000000,168,221,5,3,2
Brand New Minimalis 3 Lantai Tebet Dijual Cepat,Tidak Diketahui,2350000000,160,80,4,3,1
Dijual Rumah Tebet Barat Lokasi Strategis Nyaman Jalan 1 Mobil,Tebet Barat,2600000000,140,84,3,2,1
Rumah Siap Huni Di Lokasi Premium Tebet Barat Dalam,Tebet Barat,9000000000,300,287,4,3,1
Rumah Cantik Minimalis Tebet,Tidak Diketahui,2600000000,150,90,3,2,1
rumah tebet dalam,Tidak Diketahui,12000000000,470,270,5,4,1
Rumah Baru Minimalis Tebet,Tidak Diketahui,2700000000,90,78,3,2,0
Cluster Baru Minimalis Modern Jaya Mandala Tebet Jakarta Selatan,Tidak Diketahui,14500000000,600,208,4,4,2
Rumah di Kasablangka,Tidak Diketahui,3750000000,127,180,4,4,2
Rumah Mewah Murah Dalam Komplek Di Tebet,Tidak Diketahui,6000000000,325,225,7,5,2
Rumah Standard Hitung Tanah Di Tebet Dalam Jakarta Selatan,Tidak Diketahui,7500000000,150,253,5,2,0
Rumah Standard Di Tebet Dalam Jakarta Selatan,Tidak Diketahui,5200000000,300,260,7,3,1
Rumah Strategis Siap Huni Di Raya Tebet Jakarta Selatan,Tidak Diketahui,4900000000,250,266,3,2,1
Rumah Tua Strategis Di Tebet Raya Jakarta Selatan,Tidak Diketahui,17500000000,750,724,4,2,3
Rumah Mewah Hook Siap Huni Dan Terawat Di Gudang Peluru Tebet,Tidak Diketahui,10900000000,646,428,5,5,6
Rumah Cantik Dan Luas Di Tebet Jakarta Selatan,Tidak Diketahui,9000000000,300,388,4,3,1
Rumah Strategis Di Tebet Jakarta Selatan,Tidak Diketahui,6500000000,168,221,5,2,1
5 Bedrooms House Tebet,Tidak Diketahui,6000000000,300,150,5,4,2
Rumah Murah Tebet,Tidak Diketahui,3300000000,120,90,4,4,1
Rumah 2 Lantai di Tebet,Tidak Diketahui,1100000000,100,50,2,1,0
Rumah di Tebet,Tidak Diketahui,5000000000,410,205,3,3,1
Tebet Rumah lama hitung tanah,Tidak Diketahui,2500000000,100,150,3,2,0
Rumah Tebet Barat Dalam,Tebet Barat,3500000000,160,118,4,4,2
4 Bedrooms House Tebet,Tidak Diketahui,3000000000,160,90,4,3,1
Rumah Baru Hook Modern Minimalis Strategis Siap Huni Di Tebet Timur,Tebet Timur,3300000000,180,110,4,4,2
Rumah Di Tebet Timur Dalam,Tebet Timur,4400000000,250,130,4,3,2
Rumah Asri Di Tebet Timur Tebet Jakarta Selatan,Tebet Timur,4250000000,200,150,5,3,4
Rumah Siap Huni Tebet Raya,Tidak Diketahui,11000000000,275,305,5,3,1
Dijual rumah di tebet timur 2 lantai,Tebet Timur,3000000000,120,90,4,4,1
Dijual rumah di tebet barat,Tebet Barat,2500000000,140,88,4,3,0
Rumah Siap Huni Jalanan 3 Mobil Di Tebet,Tidak Diketahui,8800000000,150,205,5,2,2
TERJUAL Tebet Rumah Siap Huni Jalan Dua Mobil 300 Meter dari Mt Haryono,Tidak Diketahui,5500000000,300,248,5,4,3
3 Bedrooms House Tebet,Tidak Diketahui,2200000000,160,100,3,2,1
5 Bedrooms House Tebet,Tidak Diketahui,6000000000,250,170,5,5,3
4 Bedrooms House Tebet,Tidak Diketahui,7000000000,300,240,4,3,4
Rumah Bagus 2 Lantai,Tidak Diketahui,10500000000,500,345,6,4,2
Dijual Rumah Luas di Tebet Jakarta Selatan,Tidak Diketahui,3500000000,335,140,5,4,0
Rumah Mewah 2 Lt Design Apik di Tebet Barat,Tebet Barat,6000000000,350,210,5,5,1
Rumah Tebet Barat,Tebet Barat,3800000000,150,130,3,2,1
Rumah Murah Minimalis Di Tebet Timur,Tebet Timur,5500000000,250,140,5,3,1
Dijual rumah murah dan cepat aja di Kebon Baru,Kebon Baru,2500000000,200,122,4,2,1
Rumah second bangunan kokoh dan terawat dalam komplek Gudang Peluru,Tidak Diketahui,7500000000,480,290,5,3,2
Rumah Mewah di Menteng Dalam - Tebet,Menteng Dalam,6800000000,375,130,4,5,4
Rumah Mewah di Tebet,Tidak Diketahui,12500000000,480,312,4,3,2
Jl. Tebet Raya,Tidak Diketahui,9500000000,300,368,5,4,2
Dijual rumah Tebet Jakarta Selatan,Tidak Diketahui,6000000000,150,200,5,4,2
Dijual Segera Rumah Tebet Timur Jakarta Selatan,Tebet Timur,3500000000,240,130,5,6,2
Dijual rumah di Tebet,Tidak Diketahui,9000000000,350,305,4,4,3
Dijual rumah siap huni di Tebet,Tidak Diketahui,8000000000,350,178,8,6,2
Rumah Brand New Posisi Depan Tama Di Tebet Barat,Tebet Barat,9700000000,450,248,5,6,1
Rumah Tebet Timur Dalam - RSH,Tebet Timur,3600000000,100,130,3,3,0
4 Bedrooms House Tebet,Tidak Diketahui,4200000000,180,120,4,3,2
Rumah tebet barat dalam,Tebet Barat,9000000000,350,240,6,4,3
Rumah Minimalis di Tebet,Tidak Diketahui,950000000,130,92,4,2,0
Dijual Rumah Di Tebet Barat,Tebet Barat,16450000000,700,550,6,6,0
Dijual Rumah Di Tebet Lokasi Bagus,Tidak Diketahui,7500000000,320,360,7,4,0
Rumah Di Tebet,Tidak Diketahui,8700000000,375,265,5,4,4
Rumah Siap Huni Di Tebet Akses Mudah Dekat Ke Supomo Pancoran,Tidak Diketahui,3500000000,230,150,5,4,2
Rumah Second di Kebon Baru Tebet Jakarta Selatan,Kebon Baru,13000000000,800,370,6,5,4
Town House di Tebet Jakarta Selatan,Tidak Diketahui,3750000000,120,150,2,2,2
Good House Tebet,Tidak Diketahui,10000000000,450,750,8,6,1
Rumah Bagus di Daerah Tebet,Tidak Diketahui,1600000000,80,80,4,3,1
Tebet Rumah Mewah Minimalis 2 Lantai,Tidak Diketahui,4500000000,320,146,5,5,3
Rumah Di Tebet Dalam Akses 2 Mobil Besar,Tidak Diketahui,13500000000,235,256,3,2,2
3 Bedrooms House Tebet,Tidak Diketahui,2000000000,100,90,3,2,1
Tebet Rumah Bagus Minimalis Modern,Tidak Diketahui,9000000000,211,234,7,5,4
Rumah mewah baru minimalia di Tebet utara,Tidak Diketahui,5800000000,280,170,5,4,2
4 Bedrooms House Tebet,Tidak Diketahui,3200000000,160,135,4,3,1
Rumah Kebon Baru,Kebon Baru,2400000000,154,147,3,2,1
Rumah Tebet Siap Huni Jalan 2 Mobil,Tidak Diketahui,6750000000,350,210,4,4,2
Tebet Rumah Classic,Tidak Diketahui,2400000000,75,101,2,1,2
Dijual Rumah Tebet Barat Lokasi Strategis Nyaman Jalan 1 Mobil,Tebet Barat,3100000000,150,95,3,3,2
Rumah siap huni di Tebet,Tidak Diketahui,11000000000,399,384,4,4,0
Rumah seken di Asem baris dekat St. cawang,Tidak Diketahui,650000000,50,55,2,1,0
Komplek telkom kebon baru,Kebon Baru,5750000000,350,240,7,5,0
Dijual Rumah Di Tebet Jakarta Selatan 3 Kmr 150m2 Nyaman Harga Best,Tidak Diketahui,2800000000,150,90,3,3,1
Rumah Baru Tebet,Tidak Diketahui,3200000000,170,90,4,4,0
Rumah TEBET,Tidak Diketahui,1600000000,80,80,4,3,0
Rumah Lama Tebet Timur Dalam,Tebet Timur,2400000000,100,130,4,2,1
Rumah Mewah 3 Lantai di Tebet Jakarta Selatan,Tidak Diketahui,6000000000,450,260,7,4,0
Rumah Minimalis Clasik Tebet Barat,Tebet Barat,4500000000,251,106,4,3,2
Dijual Rumah di Kebon Baru,Kebon Baru,3000000000,200,200,4,3,0
Rumah,Bukit Duri,2100000000,162,162,3,3,2
Tebet Rumah siap huni,Tidak Diketahui,5800000000,180,141,4,3,2
Tebet Rumah hitung tanah,Tidak Diketahui,9300000000,385,386,6,4,4
Rumah Tebet Dijual Cepat Dengan Lokasi Strategis,Tidak Diketahui,2000000000,130,100,3,2,1
4 Bedrooms House Tebet,Tidak Diketahui,4000000000,200,140,4,3,2
8 Bedrooms House Tebet,Tidak Diketahui,6500000000,250,180,8,4,1
3 Bedrooms House Tebet,Tidak Diketahui,2850000000,160,135,3,2,2
Dijual Rumah Minimalis 3 Lantai ada Kolam Renang di Tebet,Tidak Diketahui,6800000000,300,200,5,5,4
Rumah Brand New Di Tebet Dekat Ke Jalan 3 Mobil Lt 112meter,Tidak Diketahui,3500000000,150,112,3,4,1
Rumah Siap Huni @ Tebet,Tidak Diketahui,3500000000,160,110,4,4,2
Rumah Mewah Bukit Duri,Bukit Duri,10500000000,800,457,7,5,2
Rumah Mewah Harga Murah Siap Huni Akses Strategis Di Tebet Pancoran,Tidak Diketahui,12500000009,480,312,6,4,4
Rumah Asem Baris Tebet,Tidak Diketahui,5500000000,265,250,4,3,2
Dijual rumah di komplek gudang peluru Tebet,Tidak Diketahui,5700000000,250,162,4,4,2
Rumah 2 lantai di Tebet Dalam,Tidak Diketahui,3000000000,90,160,5,4,1
Rumah Tebet Lokasi Strategis,Tidak Diketahui,9500000000,385,380,5,4,2
Rumah Minimalis Di Tebet,Tidak Diketahui,3750000000,160,110,3,3,2
Dijual cepat dan murah rumah startegis di Tebet Jakarta Selatan,Tidak Diketahui,3600000000,150,340,6,4,0
Rumah Di Tebet Nyaman Aman Strategis Jalanan Besar 2 Mobil Bebas Banjir,Tidak Diketahui,6500000000,170,89,3,3,1
Rumah Mewah 2 Lantai Di Asem Baris,Tidak Diketahui,7500000000,300,325,5,4,2
Rumah Mungil Di Tebet Siap Huni,Tidak Diketahui,2500000000,120,60,3,4,1
Rumah mininalis tebet,Tidak Diketahui,3900000000,200,130,5,4,1
Rumah Lux Tebet,Tidak Diketahui,16000000000,450,310,5,5,1
Rumah Baru Di Tebet Timur Lokasi Strategis,Tebet Timur,3999999999,200,130,4,3,2
Rumah Cantik Di Tebet Dekat Supomo Pancoran Kuningan Gatot Subroto,Tidak Diketahui,5800000000,170,141,4,3,1
TEBET - Kondisi Bagus,Tidak Diketahui,3900000000,170,100,5,3,2
TEBET - Siap Huni,Tidak Diketahui,3100000000,180,103,3,3,2
TEBET - Bagus Untuk Investasi dan Harga Sangat Menarik,Tidak Diketahui,3000000000,150,139,3,3,1
TEBET - Jalan 2 Mobil Lebar,Tidak Diketahui,14000000000,440,393,6,6,6
TEBET - Siap Huni Lokasi Bagus,Tidak Diketahui,13500000000,352,394,6,4,2
TEBET - Rumah Bagus,Tidak Diketahui,4000000000,200,135,4,3,2
TEBET - Rumah Baru,Tidak Diketahui,3500000000,120,90,3,2,2
TEBET - Siap Huni,Tidak Diketahui,4300000000,300,180,5,4,2
TEBET - Area Tenang,Tidak Diketahui,3900000000,180,154,4,3,2
Tebet rumah minimalis modern,Tidak Diketahui,2750000000,210,91,5,4,1
Dijual Rumah sangat strategis di Tebet Barat,Tebet Barat,2900000000,175,134,5,2,1
Rumah Tingkat 2 Lantai Di Komplek Gudang Peluru Tebet Jakarta Selatan,Tidak Diketahui,9500000000,500,345,8,5,4
Di jual rumah 2nd di tebet barat,Tebet Barat,2600000000,150,90,3,2,0
Di jual rumah di jl persada raya,Tidak Diketahui,4000000000,200,220,7,3,1
Rumah Baru Semi Furnished Depan TAMAN dekat Gelael,Tebet Barat,4000000000,180,105,5,4,1
Rumah Tebet Barat Dalam - Jakarta Selatan,Tebet Barat,3200000000,137,86,4,2,1
4 Bedrooms House Tebet,Tidak Diketahui,2600000000,160,93,4,4,1
Di Jual Rumah Cantik di Tebet Jalan 1 Mobil Jakarta Selatan,Tidak Diketahui,6300000000,250,180,4,3,1
Rumah Brand New Minimalis Modern Bebas Banjir di Tebet,Tidak Diketahui,3400000000,160,110,3,3,1
4 Bedrooms House Tebet,Tidak Diketahui,3250000000,200,90,4,3,1
Dijual Rumah Cantik Minimalis Di Tebet Dekat Taman,Tidak Diketahui,3000000000,150,95,4,4,1
Rumah Murah Siap Huni Akses 2 Mobil Tebet Timur Jak Sel,Tebet Timur,4100000000,180,155,4,3,1
Rumah Strategis Cocok Untuk Usaha Posisi Huk Di Tebet Timur,Tebet Timur,6500000000,130,160,4,1,2
Rumah Murah Akses Mobil Di Tebet Barat Jak Sel,Tebet Barat,1800000000,90,100,2,1,0
Rumah Strategis Siap Huni Akses 1mobil Di Tebet Barat,Tebet Barat,3500000000,150,135,4,3,1
Rumah Siap Huni Hanya 50meter Ke Jalan Asembaris Raya,Tidak Diketahui,2100000000,100,126,2,2,1
Rumah 2lantai Strategis Akses 2mobil Lokasi Asembaris Tebet,Tidak Diketahui,3000000000,200,125,2,2,1
Rumah Asri Siap Huni Strategis Lokasi Asembaris Bebas Banjir,Tidak Diketahui,2150000000,128,135,3,2,1
Rumah Baru 2,Tebet Timur,3000000000,200,90,3,2,2
Rumah Bagus Siap Huni Tebet Barat Jak Sel,Tebet Barat,3250000000,120,104,4,3,1
Rumah Sederhana Di Tebet Timur Jak Sel,Tebet Timur,1750000000,85,90,2,1,1
Rumah Murah Sekali Siap Huni Akses Gg 2 Motor Di Lap Roos Tebet,Tidak Diketahui,1500000000,200,170,7,2,0
Rumah Siap Huni Ada Kosan 4pintu Lokasi Tebet Barat Jak Sel,Tebet Barat,3800000000,200,145,8,8,1
Rumah Strategis Siap Huni Akses 1mobil Dekat Pasar Tebet Jak Sel,Tidak Diketahui,2500000000,120,100,3,2,1
Rumah Lama Layak Huni Akses 2 Mbl Bs Utk Kosan Di Menteng Dlm Jak Sel,Tidak Diketahui,4200000000,250,206,5,4,1
Rumah Siap Huni Akses 2mobil Strategis Di Asembaris Tebet,Tidak Diketahui,1100000000,70,70,2,1,0
Rumah Siap Huni 2lantai Akses 1mobil Di Asembaris Tebet,Tidak Diketahui,950000000,100,60,3,1,0
Rumah Baru Siap Huni Akses 2mobil Semi Furnised Lokasi Tebet Utara,Tidak Diketahui,4500000000,128,90,3,3,1
Rumah Siap Huni Posisi Huk Akses 2mobil 200meter Kejalan Supomo,Tidak Diketahui,7000000000,150,110,4,3,1
Rumah 2lantai Akses 2mobil Di Bukit Duri Tebet Jaksel,Bukit Duri,600000000,60,30,2,2,0
Rumah Strategis 100meter Ke Jl Supomo Di Menteng Dalam Tebet Jak Sel,Menteng Dalam,2600000000,100,140,3,2,1
Rumah Strategis Akses Jalan 2mobil Di Menteng Dalam Tebet Jak Sel,Menteng Dalam,9000000000,450,550,10,10,3
Tebet Rumah Siap Huni Jln 2 Mbl Nyaman,Tidak Diketahui,4000000000,160,140,4,3,2
Dijual Rumah Kokoh Di Gudang Peluru,Tidak Diketahui,10500000000,420,430,7,4,2
